key,ar,en,fr,ge,ja,ko,po,sp,tu,ta
Clan.AdvancedSearch.HideApprovalOnly,إخفاء التي تتطلب موافقة,Hide Approval Only,Masquer les clans sur approbation,Clans mit Genehmigung ausblenden,承認制クランを非表示,승인제 클랜 숨기기,Ocultar clãs com aprovação,Ocultar clanes con aprobación,Onay Gerektirenleri Gizle,Nascondi clan su approvazione
Clan.AdvancedSearch.MaxMember,الحد الأقصى للأعضاء,Max Member,Membres max.,Max. Mitglieder,最大メンバー数,최대 멤버,Membros máx.,Miembros máx.,Maks. Üye,Membri max.
Clan.AdvancedSearch.MinMember,الحد الأدنى للأعضاء,Min Member,Membres min.,Min. Mitglieder,最小メンバー数,최소 멤버,Membros mín.,Miembros mín.,Min. Üye,Membri min.
Clan.AdvancedSearch.Search,بحث,Search,Rechercher,Suchen,検索,검색,Buscar,Buscar,Ara,Cerca
Clan.AdvancedSearch.Title,البحث عن عشيرة,Clan Search,Recherche de clan,Clansuche,クラン検索,클랜 검색,Busca de clãs,Búsqueda de clanes,Klan Arama,Ricerca clan
Clan.Announcement.Placeholder,الإعلان...,Announcement...,Annonce...,Ankündigung...,お知らせ...,공지...,Anúncio...,Anuncio...,Duyuru...,Annuncio...
Clan.Announcement.Title,تعديل الإعلان,Edit Announcement,Modifier l'annonce,Ankündigung bearbeiten,お知らせを編集,공지 수정,Editar anúncio,Editar anuncio,Duyuruyu Düzenle,Modifica annuncio
Clan.Banner.Apply,تطبيق,Apply,Appliquer,Anwenden,適用,적용,Aplicar,Aplicar,Uygula,Applica
Clan.Banner.BackgroundColor,لون الخلفية,Background Color,Couleur de fond,Hintergrundfarbe,背景色,배경 색상,Cor de fundo,Color de fondo,Arka Plan Rengi,Colore di sfondo
Clan.Banner.EmblemColor,لون الشعار,Emblem Color,Couleur de l'emblème,Emblemfarbe,エンブレムの色,엠블럼 색상,Cor do emblema,Color del emblema,Amblem Rengi,Colore dell'emblema
Clan.Banner.EmblemShape,شكل الشعار,Emblem Shape,Forme de l'emblème,Emblemform,エンブレムの形,엠블럼 모양,Forma do emblema,Forma del emblema,Amblem Şekli,Forma dell'emblema
Clan.Banner.Shape,الشكل,Shape,Forme,Form,形,모양,Forma,Forma,Şekil,Forma
Clan.Banner.Title,محرر راية العشيرة,Clan Banner Editor,Éditeur de bannière du clan,Clanbanner-Editor,クランバナー編集,클랜 배너 편집,Editor de estandarte do clã,Editor de estandarte del clan,Klan Sancağı Düzenleyici,Editor stendardo del clan
Clan.Battle.LeadershipTitle,حرب البطولة,Championship War,Guerre de Championnat,Meisterschaftskrieg,チャンピオンシップ戦争,챔피언십 전쟁,Guerra de Campeonato,Guerra de Campeonato,Şampiyonluk Savaşı,Guerra di Campionato
Clan.Battle.Title,حرب العشائر,Clan War,Guerre de clans,Clankrieg,クラン戦,클랜전,Guerra de clãs,Guerra de clanes,Klan Savaşı,Guerra tra clan
Clan.Common.Banner,الراية,Banner,Bannière,Banner,バナー,배너,Estandarte,Estandarte,Sancak,Stendardo
Clan.Common.Browse,تصفح,Browse,Parcourir,Durchsuchen,選択,선택,Procurar,Explorar,Gözat,Sfoglia
Clan.Common.ClanName,اسم العشيرة,Clan Name,Nom du clan,Clanname,クラン名,클랜 이름,Nome do clã,Nombre del clan,Klan Adı,Nome del clan
Clan.Common.Join,انضم,Join,Rejoindre,Beitreten,参加,가입,Entrar,Unirse,Katıl,Unisciti
Clan.Common.Members,الأعضاء,Members,Membres,Mitglieder,メンバー,멤버,Membros,Miembros,Üyeler,Membri
Clan.Common.NamePlaceholder,اسم العشيرة...,Clan Name...,Nom du clan...,Clanname...,クラン名...,클랜 이름...,Nome do clã...,Nombre del clan...,Klan Adı...,Nome del clan...
Clan.Common.Power,القوة,Power,Puissance,Stärke,戦力,전투력,Poder,Poder,Güç,Potenza
Clan.Common.Public,عام,Public,Public,Öffentlich,公開,공개,Público,Público,Herkese Açık,Pubblico
Clan.Common.Request,إرسال طلب,Request,Demander,Anfragen,申請,신청,Solicitar,Solicitar,Başvur,Richiedi
Clan.Common.Requested,تم الطلب,Requested,Demandé,Angefragt,申請済み,신청됨,Solicitado,Solicitado,Başvuruldu,Richiesto
Clan.Common.Retry,إعادة المحاولة,Retry,Réessayer,Erneut versuchen,再試行,다시 시도,Tentar novamente,Reintentar,Tekrar Dene,Riprova
Clan.Common.Save,حفظ,Save,Enregistrer,Speichern,保存,저장,Salvar,Guardar,Kaydet,Salva
Clan.Common.Tier,الفئة,Tier,Rang,Stufe,ティア,티어,Categoria,Rango,Kademe,Grado
Clan.Common.Type,النوع,Type,Type,Typ,タイプ,유형,Tipo,Tipo,Tür,Tipo
Clan.Create.Button,إنشاء \n<sprite=0>{0},Create \n<sprite=0>{0},Créer \n<sprite=0>{0},Gründen \n<sprite=0>{0},作成 \n<sprite=0>{0},생성 \n<sprite=0>{0},Criar \n<sprite=0>{0},Crear \n<sprite=0>{0},Oluştur \n<sprite=0>{0},Crea \n<sprite=0>{0}
Clan.Create.Title,أدخل اسم العشيرة,Enter Clan Name,Saisis le nom du clan,Clannamen eingeben,クラン名を入力,클랜 이름 입력,Digite o nome do clã,Introduce el nombre del clan,Klan Adını Gir,Inserisci il nome del clan
Clan.Demote,تخفيض الرتبة,Demote,Rétrograder,Degradieren,降格,강등,Rebaixar,Degradar,Rütbe Düşür,Retrocedi
Clan.Description.Placeholder,الوصف...,Description...,Description...,Beschreibung...,説明...,설명...,Descrição...,Descripción...,Açıklama...,Descrizione...
Clan.Join.ApprovalOnly,بموافقة فقط,Approval Only,Sur approbation,Nur mit Genehmigung,承認制,승인제,Com aprovação,Con aprobación,Onay Gerekli,Su approvazione
Clan.Join.Open,مفتوح,Open,Ouvert,Offen,自由参加,자유 가입,Aberto,Abierto,Açık,Aperto
Clan.Members.NoAnnouncement,لا يوجد إعلان بعد,No announcement yet,Aucune annonce pour le moment,Noch keine Ankündigung,お知らせはまだありません,아직 공지가 없습니다,Ainda não há anúncios,Aún no hay anuncios,Henüz duyuru yok,Ancora nessun annuncio
Clan.Player.Kick,طرد,Kick,Exclure,Rauswerfen,追放,추방,Expulsar,Expulsar,At,Espelli
Clan.Player.Leave,مغادرة,Leave,Quitter,Verlassen,脱退,탈퇴,Sair,Salir,Ayrıl,Abbandona
Clan.Promote,ترقية,Promote,Promouvoir,Befördern,昇格,승급,Promover,Ascender,Terfi Ettir,Promuovi
Clan.Requests.Accept,قبول,Accept,Accepter,Annehmen,承認,수락,Aceitar,Aceptar,Kabul Et,Accetta
Clan.Requests.Deny,رفض,Deny,Refuser,Ablehnen,拒否,거절,Recusar,Rechazar,Reddet,Rifiuta
Clan.Requests.Empty,لا توجد طلبات معلقة,No pending requests,Aucune demande en attente,Keine ausstehenden Anfragen,保留中の申請はありません,대기 중인 신청이 없습니다,Nenhuma solicitação pendente,No hay solicitudes pendientes,Bekleyen başvuru yok,Nessuna richiesta in sospeso
Clan.Requests.Title,طلبات الانضمام,Requests,Demandes,Anfragen,参加申請,가입 신청,Solicitações,Solicitudes,Başvurular,Richieste
Clan.Role.Captain,كابتن,Captain,Capitaine,Offizier,キャプテン,캡틴,Capitão,Capitán,Kaptan,Capitano
Clan.Role.Leader,القائد,Leader,Chef,Anführer,リーダー,리더,Líder,Líder,Lider,Capo
Clan.Role.Member,عضو,Member,Membre,Mitglied,メンバー,멤버,Membro,Miembro,Üye,Membro
Clan.Search.Advanced,بحث متقدم,Advanced Search,Recherche avancée,Erweiterte Suche,詳細検索,고급 검색,Busca avançada,Búsqueda avanzada,Gelişmiş Arama,Ricerca avanzata
Clan.Search.Create,إنشاء عشيرة,Create Clan,Créer un clan,Clan gründen,クラン作成,클랜 생성,Criar clã,Crear clan,Klan Oluştur,Crea clan
Clan.Search.Empty,لم يتم العثور على عشائر,No clans found,Aucun clan trouvé,Keine Clans gefunden,クランが見つかりません,클랜을 찾을 수 없습니다,Nenhum clã encontrado,No se encontraron clanes,Klan bulunamadı,Nessun clan trovato
Clan.Search.Placeholder,ابحث عن عشيرة...,Search for a clan...,Rechercher un clan...,Clan suchen...,クランを検索...,클랜 검색...,Buscar um clã...,Buscar un clan...,Klan ara...,Cerca un clan...
Clan.Search.Title,انضم إلى عشيرة,Join a Clan,Rejoindre un clan,Einem Clan beitreten,クランに参加,클랜 가입,Entre em um clã,Únete a un clan,Bir Klana Katıl,Unisciti a un clan
Clan.Settings.Description,الوصف,Description,Description,Beschreibung,説明,설명,Descrição,Descripción,Açıklama,Descrizione
Clan.Settings.Requests,طلبات الانضمام,Requests,Demandes,Anfragen,参加申請,가입 신청,Solicitações,Solicitudes,Başvurular,Richieste
Clan.Settings.Title,إعدادات العشيرة,Clan Settings,Paramètres du clan,Clan-Einstellungen,クラン設定,클랜 설정,Configurações do clã,Ajustes del clan,Klan Ayarları,Impostazioni del clan
Clan.Tab.Battle,معركة,Battle,Bataille,Kampf,バトル,전투,Batalha,Batalla,Savaş,Battaglia
Clan.Tab.Members,الأعضاء,Members,Membres,Mitglieder,メンバー,멤버,Membros,Miembros,Üyeler,Membri
Clan.War.Action.DungeonKey,استخدم مفتاح الزنزانة,Use Dungeon Key,Utiliser une clé de donjon,Dungeon-Schlüssel verwenden,ダンジョンキーを使用,던전 열쇠 사용,Usar chave da masmorra,Usar llave de mazmorra,Zindan Anahtarı Kullan,Usa una chiave del dungeon
Clan.War.Action.LevelUp,رفع المستوى,Level Up,Monter de niveau,Levelaufstieg,レベルアップ,레벨 업,Subir de nível,Subir de nivel,Seviye Atla,Sali di livello
Clan.War.Action.LevelUp.Formula,المستوى الجديد × 100 نقطة,New Level x 100 pts,Nouveau niveau x 100 pts,Neues Level x 100 Pkt.,新レベル x 100 ポイント,새 레벨 x 100 점,Novo nível x 100 pts,Nuevo nivel x 100 pts,Yeni Seviye x 100 puan,Nuovo livello x 100 pti
Clan.War.Action.Loot.Ancient,انهب معدات قديمة,Loot Ancient Equipment,Piller un équipement ancien,Uralte Ausrüstung erbeuten,エンシェント装備を獲得,고대 장비 획득,Saquear equipamento ancestral,Saquear equipo antiguo,Kadim Ekipman Yağmala,Ottieni equipaggiamento antico
Clan.War.Action.Loot.Artifact,انهب معدات أثرية,Loot Artifact Equipment,Piller un équipement artefact,Artefakt-Ausrüstung erbeuten,アーティファクト装備を獲得,유물 장비 획득,Saquear equipamento artefato,Saquear equipo artefacto,Artefakt Ekipman Yağmala,Ottieni equipaggiamento artefatto
Clan.War.Action.Loot.Common,انهب معدات شائعة,Loot Common Equipment,Piller un équipement commun,Gewöhnliche Ausrüstung erbeuten,コモン装備を獲得,일반 장비 획득,Saquear equipamento comum,Saquear equipo común,Sıradan Ekipman Yağmala,Ottieni equipaggiamento comune
Clan.War.Action.Loot.Divine,انهب معدات إلهية,Loot Divine Equipment,Piller un équipement divin,Göttliche Ausrüstung erbeuten,ディヴァイン装備を獲得,신성 장비 획득,Saquear equipamento divino,Saquear equipo divino,İlahi Ekipman Yağmala,Ottieni equipaggiamento divino
Clan.War.Action.Loot.Epic,انهب معدات ملحمية,Loot Epic Equipment,Piller un équipement épique,Epische Ausrüstung erbeuten,エピック装備を獲得,영웅 장비 획득,Saquear equipamento épico,Saquear equipo épico,Destansı Ekipman Yağmala,Ottieni equipaggiamento epico
Clan.War.Action.Loot.Immortal,انهب معدات خالدة,Loot Immortal Equipment,Piller un équipement immortel,Unsterbliche Ausrüstung erbeuten,イモータル装備を獲得,불멸 장비 획득,Saquear equipamento imortal,Saquear equipo inmortal,Ölümsüz Ekipman Yağmala,Ottieni equipaggiamento immortale
Clan.War.Action.Loot.Legendary,انهب معدات أسطورية,Loot Legendary Equipment,Piller un équipement légendaire,Legendäre Ausrüstung erbeuten,レジェンダリー装備を獲得,전설 장비 획득,Saquear equipamento lendário,Saquear equipo legendario,Efsanevi Ekipman Yağmala,Ottieni equipaggiamento leggendario
Clan.War.Action.Loot.Mythic,انهب معدات خرافية,Loot Mythic Equipment,Piller un équipement mythique,Mythische Ausrüstung erbeuten,ミシック装備を獲得,신화 장비 획득,Saquear equipamento mítico,Saquear equipo mítico,Mitik Ekipman Yağmala,Ottieni equipaggiamento mitico
Clan.War.Action.Loot.Rare,انهب معدات نادرة,Loot Rare Equipment,Piller un équipement rare,Seltene Ausrüstung erbeuten,レア装備を獲得,희귀 장비 획득,Saquear equipamento raro,Saquear equipo raro,Nadir Ekipman Yağmala,Ottieni equipaggiamento raro
Clan.War.Action.Loot.Uncommon,انهب معدات غير شائعة,Loot Uncommon Equipment,Piller un équipement peu commun,Ungewöhnliche Ausrüstung erbeuten,アンコモン装備を獲得,고급 장비 획득,Saquear equipamento incomum,Saquear equipo poco común,Sıra Dışı Ekipman Yağmala,Ottieni equipaggiamento non comune
Clan.War.Action.Mine.Coal,استخرج الفحم,Mine Coal,Miner du charbon,Kohle abbauen,石炭を採掘,석탄 채굴,Minerar carvão,Minar carbón,Kömür Kaz,Estrai carbone
Clan.War.Action.Mine.Diamond,استخرج الألماس,Mine Diamond,Miner du diamant,Diamant abbauen,ダイヤモンドを採掘,다이아몬드 채굴,Minerar diamante,Minar diamante,Elmas Kaz,Estrai diamante
Clan.War.Action.Mine.Emerald,استخرج الزمرد,Mine Emerald,Miner de l'émeraude,Smaragd abbauen,エメラルドを採掘,에메랄드 채굴,Minerar esmeralda,Minar esmeralda,Zümrüt Kaz,Estrai smeraldo
Clan.War.Action.Mine.Gold,استخرج الذهب,Mine Gold,Miner de l'or,Gold abbauen,金を採掘,금 채굴,Minerar ouro,Minar oro,Altın Kaz,Estrai oro
Clan.War.Action.Mine.Iron,استخرج الحديد,Mine Iron,Miner du fer,Eisen abbauen,鉄を採掘,철 채굴,Minerar ferro,Minar hierro,Demir Kaz,Estrai ferro
Clan.War.Action.Mine.Ruby,استخرج الياقوت,Mine Ruby,Miner du rubis,Rubin abbauen,ルビーを採掘,루비 채굴,Minerar rubi,Minar rubí,Yakut Kaz,Estrai rubino
Clan.War.Action.Mine.Stone,استخرج الحجر,Mine Stone,Miner de la pierre,Stein abbauen,石を採掘,돌 채굴,Minerar pedra,Minar piedra,Taş Kaz,Estrai pietra
Clan.War.Action.SummonCape.Common,استدعِ عباءة شائعة,Summon Common Cape,Invoquer une cape commune,Gewöhnlichen Umhang beschwören,コモンマントを召喚,일반 망토 소환,Invocar capa comum,Invocar capa común,Sıradan Pelerin Çağır,Evoca un mantello comune
Clan.War.Action.SummonCape.Epic,استدعِ عباءة ملحمية,Summon Epic Cape,Invoquer une cape épique,Epischen Umhang beschwören,エピックマントを召喚,영웅 망토 소환,Invocar capa épica,Invocar capa épica,Destansı Pelerin Çağır,Evoca un mantello epico
Clan.War.Action.SummonCape.Legendary,استدعِ عباءة أسطورية,Summon Legendary Cape,Invoquer une cape légendaire,Legendären Umhang beschwören,レジェンダリーマントを召喚,전설 망토 소환,Invocar capa lendária,Invocar capa legendaria,Efsanevi Pelerin Çağır,Evoca un mantello leggendario
Clan.War.Action.SummonCape.Mythic,استدعِ عباءة خرافية,Summon Mythic Cape,Invoquer une cape mythique,Mythischen Umhang beschwören,ミシックマントを召喚,신화 망토 소환,Invocar capa mítica,Invocar capa mítica,Mitik Pelerin Çağır,Evoca un mantello mitico
Clan.War.Action.SummonCape.Rare,استدعِ عباءة نادرة,Summon Rare Cape,Invoquer une cape rare,Seltenen Umhang beschwören,レアマントを召喚,희귀 망토 소환,Invocar capa rara,Invocar capa rara,Nadir Pelerin Çağır,Evoca un mantello raro
Clan.War.Action.SummonCape.Uncommon,استدعِ عباءة غير شائعة,Summon Uncommon Cape,Invoquer une cape peu commune,Ungewöhnlichen Umhang beschwören,アンコモンマントを召喚,고급 망토 소환,Invocar capa incomum,Invocar capa poco común,Sıra Dışı Pelerin Çağır,Evoca un mantello non comune
Clan.War.Action.SummonCompanion.Common,استدعِ رفيقًا شائعًا,Summon Common Companion,Invoquer un compagnon commun,Gewöhnlichen Begleiter beschwören,コモン仲間を召喚,일반 동료 소환,Invocar companheiro comum,Invocar compañero común,Sıradan Yoldaş Çağır,Evoca un compagno comune
Clan.War.Action.SummonCompanion.Epic,استدعِ رفيقًا ملحميًا,Summon Epic Companion,Invoquer un compagnon épique,Epischen Begleiter beschwören,エピック仲間を召喚,영웅 동료 소환,Invocar companheiro épico,Invocar compañero épico,Destansı Yoldaş Çağır,Evoca un compagno epico
Clan.War.Action.SummonCompanion.Legendary,استدعِ رفيقًا أسطوريًا,Summon Legendary Companion,Invoquer un compagnon légendaire,Legendären Begleiter beschwören,レジェンダリー仲間を召喚,전설 동료 소환,Invocar companheiro lendário,Invocar compañero legendario,Efsanevi Yoldaş Çağır,Evoca un compagno leggendario
Clan.War.Action.SummonCompanion.Mythic,استدعِ رفيقًا خرافيًا,Summon Mythic Companion,Invoquer un compagnon mythique,Mythischen Begleiter beschwören,ミシック仲間を召喚,신화 동료 소환,Invocar companheiro mítico,Invocar compañero mítico,Mitik Yoldaş Çağır,Evoca un compagno mitico
Clan.War.Action.SummonCompanion.Rare,استدعِ رفيقًا نادرًا,Summon Rare Companion,Invoquer un compagnon rare,Seltenen Begleiter beschwören,レア仲間を召喚,희귀 동료 소환,Invocar companheiro raro,Invocar compañero raro,Nadir Yoldaş Çağır,Evoca un compagno raro
Clan.War.Action.SummonCompanion.Uncommon,استدعِ رفيقًا غير شائع,Summon Uncommon Companion,Invoquer un compagnon peu commun,Ungewöhnlichen Begleiter beschwören,アンコモン仲間を召喚,고급 동료 소환,Invocar companheiro incomum,Invocar compañero poco común,Sıra Dışı Yoldaş Çağır,Evoca un compagno non comune
Clan.War.Actions.Title,إجراءات اليوم {0},Day {0} Actions,Actions du jour {0},Aktionen für Tag {0},{0}日目のアクション,{0}일 차 활동,Ações do dia {0},Acciones del día {0},{0}. Gün Eylemleri,Azioni del giorno {0}
Clan.War.Battle.AlreadyDefeated,هزمت عشيرتك هذا الخصم بالفعل. لم تُمنح أي نقاط.,This enemy was already defeated by your clan. No points awarded.,Cet ennemi a déjà été vaincu par votre clan. Aucun point attribué.,Dieser Gegner wurde bereits von deinem Clan besiegt. Keine Punkte erhalten.,この敵はすでにクランによって撃破されています。ポイントは付与されません。,이 적은 이미 클랜이 처치했습니다. 포인트가 지급되지 않습니다.,Este inimigo já foi derrotado pelo seu clã. Nenhum ponto concedido.,Tu clan ya había derrotado a este enemigo. No se otorgaron puntos.,Bu düşman klanın tarafından zaten yenilmişti. Puan verilmedi.,Questo nemico è già stato sconfitto dal tuo clan. Nessun punto assegnato.
Clan.War.Battle.PointsAwarded,حصلت على +{0} من نقاط المساهمة!,+{0} Contribution Points earned!,+{0} points de contribution gagnés !,+{0} Beitragspunkte verdient!,貢献ポイント +{0} を獲得！,기여 포인트 +{0} 획득!,+{0} pontos de contribuição ganhos!,¡+{0} puntos de contribución ganados!,+{0} Katkı Puanı kazanıldı!,+{0} punti contributo ottenuti!
Clan.War.Battle.ResultPending,ستتم مزامنة النتيجة عند استعادة الاتصال.,Result will be synced when the connection recovers.,Le résultat sera synchronisé une fois la connexion rétablie.,"Das Ergebnis wird synchronisiert, sobald die Verbindung wiederhergestellt ist.",接続が回復すると結果が同期されます。,연결이 복구되면 결과가 동기화됩니다.,O resultado será sincronizado quando a conexão for restaurada.,El resultado se sincronizará cuando se recupere la conexión.,"Sonuç, bağlantı düzeldiğinde eşitlenecek.",Il risultato verrà sincronizzato quando la connessione sarà ripristinata.
Clan.War.Button.DaysResults,الأيام والنتائج,Days & Results,Jours et résultats,Tage & Ergebnisse,日程と結果,일자 및 결과,Dias e resultados,Días y resultados,Günler ve Sonuçlar,Giorni e risultati
Clan.War.Button.Leaderboard,لوحة الصدارة,Leaderboard,Classement,Rangliste,ランキング,리더보드,Classificação,Clasificación,Sıralama,Classifica
Clan.War.Button.Rewards,المكافآت,Rewards,Récompenses,Belohnungen,報酬,보상,Recompensas,Recompensas,Ödüller,Ricompense
Clan.War.ClanLeaderboard.NoLeader,لا توجد عشيرة بطلة بعد,No champion clan yet,Pas encore de clan champion,Noch kein Champion-Clan,まだチャンピオンクランはいません,아직 챔피언 클랜이 없습니다,Ainda não há clã campeão,Aún no hay clan campeón,Henüz şampiyon klan yok,Ancora nessun clan campione
Clan.War.ClanLeaderboard.Title,لوحة صدارة العشائر,Clan Leaderboard,Classement des clans,Clan-Rangliste,クランランキング,클랜 리더보드,Classificação de clãs,Clasificación de clanes,Klan Sıralaması,Classifica dei clan
Clan.War.Day,اليوم {0},Day {0},Jour {0},Tag {0},{0}日目,{0}일 차,Dia {0},Día {0},{0}. Gün,Giorno {0}
Clan.War.DaysResults.NotConcluded,لم تُحسم بعد,Not Concluded,Non terminé,Nicht abgeschlossen,未確定,미종료,Não concluído,Sin concluir,Sonuçlanmadı,Non concluso
Clan.War.DaysResults.SectionTitle,النقاط اليومية,Daily Scores,Scores quotidiens,Tagespunkte,デイリースコア,일일 점수,Pontuações diárias,Puntuaciones diarias,Günlük Puanlar,Punteggi giornalieri
Clan.War.DaysResults.Subtitle,نقاط الحرب المكتسبة هذا الأسبوع,War Scores earned this week,Scores de guerre gagnés cette semaine,Diese Woche verdiente Kriegspunkte,今週獲得した戦争スコア,이번 주에 획득한 전쟁 점수,Pontuações de guerra obtidas nesta semana,Puntuaciones de guerra obtenidas esta semana,Bu hafta kazanılan Savaş Puanları,Punteggi guerra ottenuti questa settimana
Clan.War.DaysResults.Title,نتائج الحرب,War Results,Résultats de la guerre,Kriegsergebnisse,戦争結果,전쟁 결과,Resultados da guerra,Resultados de la guerra,Savaş Sonuçları,Risultati della guerra
Clan.War.DaysResults.Winner,الفائز,Winner,Vainqueur,Sieger,勝者,승자,Vencedor,Ganador,Kazanan,Vincitore
Clan.War.Leaderboard.Daily,يومي,Daily,Quotidien,Täglich,デイリー,일간,Diário,Diario,Günlük,Giornaliero
Clan.War.Leaderboard.DailySubheader,لوحة صدارة اليوم {0},Day {0} Leaderboard,Classement du jour {0},Rangliste – Tag {0},{0}日目ランキング,{0}일 차 리더보드,Classificação do dia {0},Clasificación del día {0},{0}. Gün Sıralaması,Classifica del giorno {0}
Clan.War.Leaderboard.DelayInfo,يتم التحديث كل دقيقة.,Updates every minute.,Mise à jour chaque minute.,Wird jede Minute aktualisiert.,毎分更新されます。,매분 업데이트됩니다.,Atualiza a cada minuto.,Se actualiza cada minuto.,Her dakika güncellenir.,Si aggiorna ogni minuto.
Clan.War.Leaderboard.Weekly,أسبوعي,Weekly,Hebdomadaire,Wöchentlich,ウィークリー,주간,Semanal,Semanal,Haftalık,Settimanale
Clan.War.Leaderboard.WeeklySubheader,لوحة الصدارة الأسبوعية,Weekly Leaderboard,Classement hebdomadaire,Wöchentliche Rangliste,ウィークリーランキング,주간 리더보드,Classificação semanal,Clasificación semanal,Haftalık Sıralama,Classifica settimanale
Clan.War.LeadershipRank.Description,اجمع نقاط المساهمة لتصل إلى القمة! تحصل العشيرة الأكثر مساهمة على حق تحدّي عشيرة البطل في حرب الأسبوع المقبل. وإذا لم تكن هناك عشيرة بطل، تتقاتل أفضل عشيرتين فيما بينهما.,"Earn Contribution Points to reach the top! The highest-contributing clan earns the right to challenge the Champion Clan in next week's war. If there is no Champion Clan, the top two clans will fight each other.","Gagnez des points de contribution pour atteindre le sommet ! Le clan qui contribue le plus gagne le droit de défier le Clan Champion lors de la guerre de la semaine prochaine. S'il n'y a pas de Clan Champion, les deux meilleurs clans s'affronteront.","Sammle Beitragspunkte, um an die Spitze zu gelangen! Der Klan mit den meisten Beiträgen erhält das Recht, den Champion-Klan im Krieg der nächsten Woche herauszufordern. Gibt es keinen Champion-Klan, kämpfen die beiden besten Klans gegeneinander.",貢献ポイントを獲得してトップを目指そう！最も貢献したクランは、来週の戦争でチャンピオンクランに挑戦する権利を得ます。チャンピオンクランがいない場合は、上位2クランが対戦します。,기여 포인트를 모아 정상에 오르세요! 가장 많이 기여한 클랜은 다음 주 전쟁에서 챔피언 클랜에 도전할 권리를 얻습니다. 챔피언 클랜이 없으면 상위 두 클랜이 서로 맞붙습니다.,"Ganhe Pontos de Contribuição para chegar ao topo! O clã que mais contribuir conquista o direito de desafiar o Clã Campeão na guerra da próxima semana. Se não houver Clã Campeão, os dois melhores clãs lutarão entre si.","¡Gana Puntos de Contribución para llegar a la cima! El clan que más contribuya obtiene el derecho a desafiar al Clan Campeón en la guerra de la próxima semana. Si no hay Clan Campeón, los dos mejores clanes se enfrentarán.","Zirveye ulaşmak için Katkı Puanı kazan! En çok katkı yapan klan, gelecek haftaki savaşta Şampiyon Klan'a meydan okuma hakkı kazanır. Şampiyon Klan yoksa, ilk iki klan birbiriyle savaşır.","Guadagna Punti Contributo per arrivare in cima! Il clan che contribuisce di più ottiene il diritto di sfidare il Clan Campione nella guerra della prossima settimana. Se non c'è un Clan Campione, i due migliori clan si affronteranno."
Clan.War.LeadershipRank.NoRankings,ستظهر الترتيبات عندما تكون الحرب نشطة.,Rankings will be displayed when war is active.,Les classements s'afficheront lorsque la guerre sera active.,"Die Ranglisten werden angezeigt, sobald der Krieg aktiv ist.",戦争が始まるとランキングが表示されます。,전쟁이 진행 중일 때 순위가 표시됩니다.,As classificações serão exibidas quando a guerra estiver ativa.,Las clasificaciones se mostrarán cuando la guerra esté activa.,Sıralamalar savaş aktif olduğunda gösterilecek.,Le classifiche verranno mostrate quando la guerra sarà attiva.
Clan.War.LeadershipRank.Title,ترتيب البطولة,Championship Ranking,Classement du championnat,Meisterschafts-Rangliste,チャンピオンシップランキング,챔피언십 순위,Classificação do campeonato,Clasificación del campeonato,Şampiyonluk Sıralaması,Classifica del campionato
Clan.War.LeadershipRank.UpdateInfo,يتم التحديث كل 10 دقائق,Updates every 10 minutes,Mis à jour toutes les 10 minutes,Wird alle 10 Minuten aktualisiert,10分ごとに更新されます,10분마다 업데이트됩니다,Atualiza a cada 10 minutos,Se actualiza cada 10 minutos,Her 10 dakikada bir güncellenir,Si aggiorna ogni 10 minuti
Clan.War.Mvp.Label,MVP,MVP,MVP,MVP,MVP,MVP,MVP,MVP,MVP,MVP
Clan.War.Mvp.NoMembers,لا يوجد أعضاء,No Members,Aucun membre,Keine Mitglieder,メンバーなし,멤버 없음,Sem membros,Sin miembros,Üye Yok,Nessun membro
Clan.War.Points,{0} نقطة,{0} pts,{0} pts,{0} Pkt.,{0} pt,{0}점,{0} pts,{0} pts,{0} puan,{0} pti
Clan.War.Progress.LeadershipTitle,حرب البطولة,Championship War,Guerre de championnat,Meisterschaftskrieg,チャンピオンシップ戦,챔피언십 전쟁,Guerra de campeonato,Guerra de campeonato,Şampiyonluk Savaşı,Guerra di campionato
Clan.War.Progress.Title,تقدّم الحرب,War Progress,Progression de la guerre,Kriegsverlauf,戦況,전쟁 현황,Progresso da guerra,Progreso de la guerra,Savaş Durumu,Andamento della guerra
Clan.War.Pvp.Defeated,هُزم {0}/{1} من اللاعبين,{0}/{1} players are defeated,{0}/{1} joueurs vaincus,{0}/{1} Spieler besiegt,{0}/{1}人のプレイヤーを撃破,{0}/{1}명의 플레이어 처치,{0}/{1} jogadores derrotados,{0}/{1} jugadores derrotados,{0}/{1} oyuncu yenildi,{0}/{1} giocatori sconfitti
Clan.War.Pvp.DefeatedButton,مهزوم,Defeated,Vaincu,Besiegt,撃破済み,처치됨,Derrotado,Derrotado,Yenildi,Sconfitto
Clan.War.Pvp.MaxResets,تم بلوغ الحد الأقصى لإعادة تعيين الجولات في هذه الحرب,Maximum round resets reached for this war,Nombre maximal de réinitialisations de manche atteint pour cette guerre,Maximale Rundenresets für diesen Krieg erreicht,この戦争でのラウンドリセット回数が上限に達しました,이번 전쟁의 최대 라운드 초기화 횟수에 도달했습니다,Número máximo de reinícios de rodada atingido nesta guerra,Se alcanzó el máximo de reinicios de ronda en esta guerra,Bu savaş için azami tur sıfırlama sayısına ulaşıldı,Raggiunto il numero massimo di reset dei round per questa guerra
Clan.War.Pvp.NoEnemies,لا يوجد أعضاء في عشيرة الخصم,No Enemy Clan Members,Aucun membre dans le clan ennemi,Keine gegnerischen Clanmitglieder,敵クランにメンバーがいません,적 클랜에 멤버가 없습니다,Não há membros no clã inimigo,No hay miembros en el clan enemigo,Düşman Klan Üyesi Yok,Nessun membro nel clan nemico
Clan.War.Pvp.NoRefreshSmallClan,لا تتجدد التذاكر وحالة الهزيمة في هذه الجولة لأن إحدى العشيرتين بدأت الجولة بأقل من 30 عضوًا,Tickets and defeated status do not refresh for this round because one clan started the round below 30 members,"Les tickets et les statuts de défaite ne se rechargent pas pour cette manche, car un clan l'a commencée avec moins de 30 membres","Tickets und Besiegt-Status werden in dieser Runde nicht aufgefrischt, da ein Clan die Runde mit weniger als 30 Mitgliedern begonnen hat",いずれかのクランが30人未満でラウンドを開始したため、このラウンドではチケットと撃破状況は回復しません,한 클랜이 30명 미만으로 라운드를 시작했기 때문에 이번 라운드에서는 티켓과 처치 상태가 초기화되지 않습니다,Os tickets e os status de derrota não recarregam nesta rodada porque um clã a começou com menos de 30 membros,Los tickets y los estados de derrota no se recargan en esta ronda porque un clan la comenzó con menos de 30 miembros,Bir klan tura 30 üyenin altında başladığı için bu turda biletler ve yenilme durumları yenilenmez,I biglietti e lo stato di sconfitta non si ricaricano in questo round perché un clan lo ha iniziato con meno di 30 membri
Clan.War.Pvp.NoTicketsButton,لا تذاكر,No Tickets,Pas de tickets,Keine Tickets,チケットなし,티켓 없음,Sem tickets,Sin tickets,Bilet Yok,Niente biglietti
Clan.War.Pvp.RefreshAt,تتجدد التذاكر عند هزيمة {0} لاعبًا,Tickets refresh when {0} players are defeated,Les tickets se rechargent quand {0} joueurs sont vaincus,"Tickets werden aufgefrischt, wenn {0} Spieler besiegt sind",{0}人のプレイヤーを撃破するとチケットが回復します,{0}명의 플레이어를 처치하면 티켓이 충전됩니다,Os tickets recarregam quando {0} jogadores forem derrotados,Los tickets se recargan cuando {0} jugadores son derrotados,{0} oyuncu yenildiğinde biletler yenilenir,I biglietti si ricaricano quando {0} giocatori vengono sconfitti
Clan.War.Pvp.Tickets,{0}/{1},{0}/{1},{0}/{1},{0}/{1},{0}/{1},{0}/{1},{0}/{1},{0}/{1},{0}/{1},{0}/{1}
Clan.War.Pvp.Title,اليوم 6: PvP,Day 6 PvP,Jour 6 : PvP,Tag 6: PvP,6日目 PvP,6일 차 PvP,Dia 6: PvP,Día 6: PvP,6. Gün PvP,Giorno 6: PvP
Clan.War.Result.Ended,انتهت الحرب,War Ended,Guerre terminée,Krieg beendet,戦争終了,전쟁 종료,Guerra encerrada,Guerra terminada,Savaş Bitti,Guerra finita
Clan.War.Result.LeadershipTitle,نتيجة حرب البطولة,Championship War Result,Résultat de la guerre de championnat,Ergebnis des Meisterschaftskriegs,チャンピオンシップ戦の結果,챔피언십 전쟁 결과,Resultado da guerra de campeonato,Resultado de la guerra de campeonato,Şampiyonluk Savaşı Sonucu,Risultato della guerra di campionato
Clan.War.Result.Loss,خسارة,Loss,Défaite,Niederlage,敗北,패배,Derrota,Derrota,Yenilgi,Sconfitta
Clan.War.Result.NewWarStartsIn,تبدأ الحرب الجديدة خلال: {0},New War Starts in: {0},Nouvelle guerre commence dans : {0},Neuer Krieg beginnt in: {0},新しい戦争開始まで: {0},새 전쟁 시작까지: {0},Nova guerra começa em: {0},Nueva guerra comienza en: {0},Yeni savaşın başlamasına: {0},Nuova guerra inizia tra: {0}
Clan.War.Result.Subtitle,فترة المكافآت,Reward Cooldown,Période de récompenses,Belohnungsphase,報酬期間,보상 기간,Período de recompensas,Período de recompensas,Ödül Dönemi,Periodo ricompense
Clan.War.Result.Title,نتيجة الحرب,War Result,Résultat de la guerre,Kriegsergebnis,戦争結果,전쟁 결과,Resultado da guerra,Resultado de la guerra,Savaş Sonucu,Risultato della guerra
Clan.War.Result.Win,فوز,Win,Victoire,Sieg,勝利,승리,Vitória,Victoria,Zafer,Vittoria
Clan.War.RewardCard.Claim,استلام,Claim,Réclamer,Abholen,受け取る,받기,Resgatar,Reclamar,Topla,Riscuoti
Clan.War.RewardCard.ClaimClan,اجمع مكافأة العشيرة,Claim Clan Reward,Récupérer la récompense de clan,Clan-Belohnung abholen,クラン報酬を受け取る,클랜 보상 받기,Resgatar recompensa do clã,Reclamar recompensa del clan,Klan Ödülünü Topla,Riscuoti la ricompensa del clan
Clan.War.RewardCard.ClaimPersonal,اجمع المكافآت الشخصية المتبقية,Claim Remaining Personal Rewards,Récupérer les récompenses personnelles restantes,Verbleibende persönliche Belohnungen abholen,残りの個人報酬を受け取る,남은 개인 보상 받기,Resgatar recompensas pessoais restantes,Reclamar recompensas personales restantes,Kalan Kişisel Ödülleri Topla,Riscuoti le ricompense personali rimanenti
Clan.War.RewardCard.Claimed,تم الجمع,Claimed,Récupéré,Abgeholt,受取済み,수령 완료,Resgatado,Reclamado,Toplandı,Riscosso
Clan.War.RewardCard.ClanTitle,مكافآت العشيرة,Clan Rewards,Récompenses de clan,Clan-Belohnungen,クラン報酬,클랜 보상,Recompensas do clã,Recompensas de clan,Klan Ödülleri,Ricompense del clan
Clan.War.RewardCard.PersonalTitle,المكافآت الشخصية,Personal Rewards,Récompenses personnelles,Persönliche Belohnungen,個人報酬,개인 보상,Recompensas pessoais,Recompensas personales,Kişisel Ödüller,Ricompense personali
Clan.War.Rewards.CollectClan,اجمع مكافأة العشيرة,Collect Clan Reward,Récupérer la récompense de clan,Clan-Belohnung abholen,クラン報酬を受け取る,클랜 보상 받기,Resgatar recompensa do clã,Reclamar recompensa del clan,Klan Ödülünü Topla,Riscuoti la ricompensa del clan
Clan.War.Rewards.CollectPersonal,اجمع المكافآت الشخصية المتبقية,Collect Remaining Personal Rewards,Récupérer les récompenses personnelles restantes,Verbleibende persönliche Belohnungen abholen,残りの個人報酬を受け取る,남은 개인 보상 받기,Resgatar recompensas pessoais restantes,Reclamar recompensas personales restantes,Kalan Kişisel Ödülleri Topla,Riscuoti le ricompense personali rimanenti
Clan.War.Rewards.LoseCard,خسارة,Lose,Défaite,Niederlage,敗北,패배,Derrota,Derrota,Yenilgi,Sconfitta
Clan.War.Rewards.MyScore,نقاطك: {0},Your Score: {0},Votre score : {0},Deine Punkte: {0},あなたのスコア：{0},내 점수: {0},Sua pontuação: {0},Tu puntuación: {0},Puanın: {0},Il tuo punteggio: {0}
Clan.War.Rewards.TierHeader,مكافآت الفئة {0},Tier {0} Rewards,Récompenses de rang {0},Stufe-{0}-Belohnungen,ティア{0}報酬,티어 {0} 보상,Recompensas de categoria {0},Recompensas de rango {0},Kademe {0} Ödülleri,Ricompense di grado {0}
Clan.War.Rewards.Title,مكافآت الحرب,War Rewards,Récompenses de guerre,Kriegsbelohnungen,戦争報酬,전쟁 보상,Recompensas de guerra,Recompensas de guerra,Savaş Ödülleri,Ricompense di guerra
Clan.War.Rewards.WinCard,فوز,Win,Victoire,Sieg,勝利,승리,Vitória,Victoria,Zafer,Vittoria
Clan.War.ScoreFormat,{0} : {1},{0} : {1},{0} : {1},{0} : {1},{0} : {1},{0} : {1},{0} : {1},{0} : {1},{0} : {1},{0} : {1}
Clan.War.TierFormat,الفئة {0},Tier {0},Rang {0},Stufe {0},ティア{0},티어 {0},Categoria {0},Rango {0},Kademe {0},Grado {0}
Clan.War.TimeLeft,ينتهي خلال {0},Ends in {0},Se termine dans {0},Endet in {0},終了まで {0},종료까지 {0},Termina em {0},Termina en {0},Kalan süre: {0},Termina tra {0}
Clan.War.Waiting.Body,ستتم مطابقة عشيرتك عند بداية أسبوع الحرب القادم.,Your clan will be matched when the next war week begins.,Votre clan sera apparié au début de la prochaine semaine de guerre.,Dein Clan wird zu Beginn der nächsten Kriegswoche zugeteilt.,次の戦争週間が始まると、クランがマッチングされます。,다음 전쟁 주가 시작되면 클랜이 매칭됩니다.,Seu clã será pareado quando a próxima semana de guerra começar.,Tu clan será emparejado cuando comience la próxima semana de guerra.,Klanın bir sonraki savaş haftası başladığında eşleştirilecek.,Il tuo clan verrà abbinato all'inizio della prossima settimana di guerra.
Clan.War.Waiting.Countdown,يبدأ خلال {0},Starts in {0},Commence dans {0},Beginnt in {0},開始まで {0},시작까지 {0},Começa em {0},Comienza en {0},Başlamasına kalan: {0},Inizia tra {0}
Clan.War.Waiting.Title,في انتظار الحرب,Waiting For War,En attente de guerre,Warten auf den Krieg,戦争を待機中,전쟁 대기 중,Aguardando a guerra,Esperando la guerra,Savaş Bekleniyor,In attesa della guerra
Common.Back,رجوع,Back,Retour,Zurück,戻る,뒤로,Voltar,Atrás,Geri,Indietro
Common.Battle,معركة,Battle,Combat,Kampf,バトル,전투,Batalha,Batalla,Savaş,Battaglia
Common.Block,حظر,Block,Bloquer,Blockieren,ブロック,차단,Bloquear,Bloquear,Engelle,Blocca
Common.BossRush.Boss.1,الليش المظلم,Dark Lich,Liche Sombre,Dunkler Lich,ダークリッチ,다크 리치,Lich Sombrio,Liche Oscuro,Karanlık Lich,Lich Oscuro
Common.BossRush.Boss.10,الساحرة البنفسجية,Purple Hag,Sorcière Pourpre,Lila Hexe,パープルハッグ,퍼플 해그,Bruxa Roxa,Bruja Púrpura,Mor Cadı,Strega Viola
Common.BossRush.Boss.2,التنين الأسود,Black Dragon,Dragon Noir,Schwarzer Drache,ブラックドラゴン,블랙 드래곤,Dragão Negro,Dragón Negro,Kara Ejder,Drago Nero
Common.BossRush.Boss.3,التنين الأخضر,Green Dragon,Dragon Vert,Grüner Drache,グリーンドラゴン,그린 드래곤,Dragão Verde,Dragón Verde,Yeşil Ejder,Drago Verde
Common.BossRush.Boss.4,التنين الأحمر,Red Dragon,Dragon Rouge,Roter Drache,レッドドラゴン,레드 드래곤,Dragão Vermelho,Dragón Rojo,Kızıl Ejder,Drago Rosso
Common.BossRush.Boss.5,الليش القرمزي,Crimson Lich,Liche Cramoisie,Karmesin-Lich,クリムゾンリッチ,크림슨 리치,Lich Carmesim,Liche Carmesí,Kızıl Lich,Lich Cremisi
Common.BossRush.Boss.6,الليش العتيق,Elder Lich,Liche Ancestrale,Uralter Lich,エルダーリッチ,엘더 리치,Lich Ancião,Liche Ancestral,Kadim Lich,Lich Antico
Common.BossRush.Boss.7,ملك الغول,Ogre King,Roi Ogre,Ogerkönig,オーガキング,오우거 킹,Rei Ogro,Rey Ogro,Devasa Kral,Re Ogre
Common.BossRush.Boss.8,زعيم الغول,Ogre Chieftain,Chef Ogre,Ogerhäuptling,オーガチーフ,오우거 족장,Chefe Ogro,Jefe Ogro,Devasa Reis,Capo Ogre
Common.BossRush.Boss.9,الساحرة الخضراء,Green Hag,Sorcière Verte,Grüne Hexe,グリーンハッグ,그린 해그,Bruxa Verde,Bruja Verde,Yeşil Cadı,Strega Verde
Common.Cancel,إلغاء,Cancel,Annuler,Abbrechen,キャンセル,취소,Cancelar,Cancelar,İptal,Annulla
Common.Claim,استلام,Claim,Réclamer,Einlösen,受け取る,받기,Resgatar,Reclamar,Topla,Riscatta
Common.Clan.BannerLabel,,Banner,,,,,,,,
Common.Clan.BrowseLabel,,Browse,,,,,,,,
Common.Clan.ClanNameLabel,,Clan Name,,,,,,,,
Common.Clan.PublicLabel,,Public,,,,,,,,
Common.Clan.TagLabel,,Clan Tag,,,,,,,,
Common.Clan.TagPlaceholder,,Tag...,,,,,,,,
Common.Close,إغلاق,Close,Fermer,Schließen,閉じる,닫기,Fechar,Cerrar,Kapat,Chiudi
Common.Confirm,تأكيد,Confirm,Confirmer,Bestätigen,確認,확인,Confirmar,Confirmar,Onayla,Conferma
Common.Continue,متابعة,Continue,Continuer,Weiter,続ける,계속,Continuar,Continuar,Devam Et,Continua
Common.Country,الدولة,Country,Pays,Land,国,국가,País,País,Ülke,Paese
Common.DealType.Cloak,عباءة,Cloak,Cape,Umhang,マント,망토,Manto,Capa,Pelerin,Mantello
Common.DealType.Companion,رفيق,Companion,Compagnon,Begleiter,仲間,동료,Companheiro,Compañero,Yoldaş,Compagno
Common.DealType.DungeonKey,زنزانة,Dungeon,Donjon,Verlies,ダンジョン,던전,Masmorra,Mazmorra,Zindan,Dungeon
Common.DealType.Gem,جوهرة,Gem,Gemme,Edelstein,ジェム,젬,Gema,Gema,Elmas,Gemma
Common.DealType.Mining,تعدين,Mining,Mine,Mine,鉱山,광산,Mina,Mina,Maden,Miniera
Common.Difficulty,الصعوبة,Difficulty,Difficulté,Schwierigkeit,難易度,난이도,Dificuldade,Dificultad,Zorluk,Difficoltà
Common.Enter,تأكيد,Enter,Valider,Bestätigen,決定,확인,Confirmar,Aceptar,Onayla,Conferma
Common.Equip,تجهيز,Equip,Équiper,Ausrüsten,装備,장착,Equipar,Equipar,Kuşan,Equipaggia
Common.Equipped,مُجهَّز,Equipped,Équipé,Ausgerüstet,装備中,장착 중,Equipado,Equipado,Kuşanıldı,Equipaggiato
Common.Free,مجاناً,FREE,GRATUIT,GRATIS,無料,무료,GRÁTIS,GRATIS,ÜCRETSİZ,GRATIS
Common.FreeLower,مجاني,Free,Gratuit,Gratis,無料,무료,Grátis,Gratis,Ücretsiz,Gratis
Common.Leave,مغادرة,Leave,Quitter,Verlassen,退出,나가기,Sair,Salir,Ayrıl,Esci
Common.Level.Abbrev,مست {0},Lvl {0},Niv {0},Stf {0},Lv {0},Lv {0},Nív {0},Niv {0},Sv {0},Liv {0}
Common.Level.Long,المستوى {0},Level {0},Niveau {0},Stufe {0},レベル {0},레벨 {0},Nível {0},Nivel {0},Seviye {0},Livello {0}
Common.Level.Max,الأقصى,MAX,MAX,MAX,最大,최대,MÁX,MÁX,MAKS,MAX
Common.Level.Short,مس {0},Lv {0},Nv {0},St {0},Lv {0},Lv {0},Nv {0},Nv {0},Sv {0},Lv {0}
Common.Loading,جاري التحميل...,Loading...,Chargement...,Lädt...,読み込み中...,로딩 중...,Carregando...,Cargando...,Yükleniyor...,Caricamento...
Common.Lose,خسارة,Lose,Défaite,Niederlage,敗北,패배,Derrota,Derrota,Mağlubiyet,Sconfitta
Common.Max,الأقصى,MAX,MAX,MAX,最大,최대,MÁX,MÁX,MAKS,MAX
Common.No,لا,No,Non,Nein,いいえ,아니오,Não,No,Hayır,No
Common.OK,موافق,Okay,OK,OK,OK,확인,OK,OK,Tamam,OK
Common.Off,إيقاف,Off,Désactivé,Aus,オフ,끄기,Desligado,Desactivado,Kapalı,Off
Common.On,تشغيل,On,Activé,An,オン,켜기,Ligado,Activado,Açık,On
Common.Power,القوة,Power,Puissance,Kraft,パワー,파워,Poder,Poder,Güç,Potenza
Common.PvP.League.1,دوري الحديد,Iron League,Ligue de Fer,Eisenliga,アイアンリーグ,아이언 리그,Liga de Ferro,Liga de Hierro,Demir Ligi,Lega Ferro
Common.PvP.League.10,أسطورة,Legend,Légende,Legende,レジェンド,레전드,Lenda,Leyenda,Efsane,Leggenda
Common.PvP.League.2,دوري البرونز,Bronze League,Ligue de Bronze,Bronzeliga,ブロンズリーグ,브론즈 리그,Liga de Bronze,Liga de Bronce,Bronz Ligi,Lega Bronzo
Common.PvP.League.3,دوري الفضة,Silver League,Ligue d'Argent,Silberliga,シルバーリーグ,실버 리그,Liga de Prata,Liga de Plata,Gümüş Ligi,Lega Argento
Common.PvP.League.4,دوري الذهب,Gold League,Ligue d'Or,Goldliga,ゴールドリーグ,골드 리그,Liga de Ouro,Liga de Oro,Altın Ligi,Lega Oro
Common.PvP.League.5,دوري البلاتين,Platinum League,Ligue de Platine,Platinliga,プラチナリーグ,플래티넘 리그,Liga de Platina,Liga de Platino,Platin Ligi,Lega Platino
Common.PvP.League.6,دوري الزمرد,Emerald League,Ligue d'Émeraude,Smaragdliga,エメラルドリーグ,에메랄드 리그,Liga de Esmeralda,Liga de Esmeralda,Zümrüt Ligi,Lega Smeraldo
Common.PvP.League.7,دوري الماس,Diamond League,Ligue de Diamant,Diamantliga,ダイヤモンドリーグ,다이아몬드 리그,Liga de Diamante,Liga de Diamante,Elmas Ligi,Lega Diamante
Common.PvP.League.8,خبير,Master,Maître,Meister,マスター,마스터,Mestre,Maestro,Usta,Maestro
Common.PvP.League.9,خبير أعظم,Grandmaster,Grand Maître,Großmeister,グランドマスター,그랜드마스터,Grão-Mestre,Gran Maestro,Büyük Usta,Gran Maestro
Common.Rarity.Ancient,قديم,Ancient,Ancien,Antik,エンシェント,에인션트,Antigo,Antiguo,Antik,Antico
Common.Rarity.Artifact,أثري,Artifact,Artefact,Artefakt,アーティファクト,아티팩트,Artefato,Artefacto,Artefakt,Artefatto
Common.Rarity.Common,عادي,Common,Commun,Gewöhnlich,コモン,커먼,Comum,Común,Sıradan,Comune
Common.Rarity.Divine,إلهي,Divine,Divin,Göttlich,ディヴァイン,디바인,Divino,Divino,Kutsal,Divino
Common.Rarity.Epic,ملحمي,Epic,Épique,Episch,エピック,에픽,Épico,Épico,Efsane,Epico
Common.Rarity.Immortal,خالد,Immortal,Immortel,Unsterblich,イモータル,이모탈,Imortal,Inmortal,Ölümsüz,Immortale
Common.Rarity.Legendary,أسطوري,Legendary,Légendaire,Legendär,レジェンダリー,레전더리,Lendário,Legendario,Destansı,Leggendario
Common.Rarity.Mythic,خرافي,Mythic,Mythique,Mythisch,ミシック,미식,Mítico,Mítico,Mitik,Mitico
Common.Rarity.Rare,نادر,Rare,Rare,Selten,レア,레어,Raro,Raro,Nadir,Raro
Common.Rarity.Ultimate,مطلق,Ultimate,Ultime,Ultimativ,アルティメット,얼티밋,Supremo,Supremo,Nihai,Supremo
Common.Rarity.Uncommon,غير عادي,Uncommon,Peu commun,Ungewöhnlich,アンコモン,언커먼,Incomum,Poco común,Sıradışı,Non comune
Common.Report,إبلاغ,Report,Signaler,Melden,通報,신고,Denunciar,Reportar,Şikayet Et,Segnala
Common.Retry,إعادة المحاولة,Retry,Réessayer,Erneut versuchen,再試行,재시도,Tentar de novo,Reintentar,Tekrar Dene,Riprova
Common.Reward,مكافأة,Reward,Récompense,Belohnung,報酬,보상,Recompensa,Recompensa,Ödül,Ricompensa
Common.TOP100,------------  أفضل 100  --------------,------------  TOP 100  --------------,------------  TOP 100  --------------,------------  TOP 100  --------------,------------  TOP 100  --------------,------------  TOP 100  --------------,------------  TOP 100  --------------,------------  TOP 100  --------------,------------  EN İYİ 100  --------------,------------  TOP 100  --------------
Common.Time.Days,ي,d,j,t,日,일,d,d,g,g
Common.Time.Hours,س,h,h,st,時間,시간,h,h,sa,h
Common.Time.Minutes,د,m,m,m,分,분,m,m,dk,m
Common.Time.Remaining,{0} متبقي,{0} remaining,{0} restant,{0} verbleibend,残り{0},{0} 남음,{0} restante,{0} restante,{0} kaldı,{0} rimanente
Common.Time.Seconds,ث,s,s,s,秒,초,s,s,sn,s
Common.Unblock,إلغاء الحظر,Unblock,Débloquer,Freigeben,ブロック解除,차단 해제,Desbloquear,Desbloquear,Engeli Aç,Sblocca
Common.Unequip,إزالة,Unequip,Retirer,Ablegen,解除,해제,Remover,Quitar,Çıkar,Rimuovi
Common.Unknown,مجهول,Unknown,Inconnu,Unbekannt,不明,알 수 없음,Desconhecido,Desconocido,Bilinmiyor,Sconosciuto
Common.Unlock,فتح,Unlock,Débloquer,Freischalten,解放,잠금 해제,Desbloquear,Desbloquear,Aç,Sblocca
Common.Upgrade,ترقية,Upgrade,Améliorer,Verbessern,強化,강화,Melhorar,Mejorar,Yükselt,Potenzia
Common.Win,فوز,Win,Victoire,Sieg,勝利,승리,Vitória,Victoria,Galibiyet,Vittoria
Common.World,العالم,World,Monde,Welt,ワールド,월드,Mundo,Mundo,Dünya,Mondo
Common.Yes,نعم,Yes,Oui,Ja,はい,예,Sim,Sí,Evet,Sì
Common.YouSuffix,(أنت),(You),(Toi),(Du),(あなた),(나),(Você),(Tú),(Sen),(Tu)
Errors.Account.CloudSyncFailed,تم تسجيل الدخول، لكن تعذّرت مزامنة الحفظ السحابي. حاول لاحقاً.,"Signed in, but couldn't sync cloud save. Try again later.","Connecté, mais sync cloud échouée. Réessaie plus tard.","Angemeldet, aber Cloud-Sync fehlgeschlagen. Später erneut versuchen.",サインインしましたが、クラウドセーブの同期に失敗しました。後でお試しください。,로그인되었지만 클라우드 세이브 동기화에 실패했습니다. 잠시 후 다시 시도하세요.,"Conectado, mas falha na sinc. da nuvem. Tente mais tarde.","Sesión iniciada, pero falló la sinc. en la nube. Inténtalo más tarde.","Giriş yapıldı, ancak bulut kaydı eşitlenemedi. Daha sonra tekrar dene.","Accesso effettuato, ma sync cloud fallita. Riprova più tardi."
Errors.Account.PlayingAsGuest,أنت تلعب كضيف. سجّل الدخول لاحقاً للحفظ عبر الأجهزة.,You're playing as guest. Sign in later to save across devices.,Tu joues en tant qu'invité. Connecte-toi plus tard pour sauvegarder sur tous tes appareils.,"Du spielst als Gast. Melde dich später an, um auf allen Geräten zu speichern.",ゲストとしてプレイ中です。デバイス間で保存するには、後でサインインしてください。,게스트로 플레이 중입니다. 기기 간 저장을 위해 나중에 로그인하세요.,Você está jogando como convidado. Faça login depois para salvar entre dispositivos.,Estás jugando como invitado. Inicia sesión más tarde para guardar en todos los dispositivos.,Misafir olarak oynuyorsun. İlerlemeni cihazlar arasında kaydetmek için daha sonra giriş yap.,Stai giocando come ospite. Accedi più tardi per salvare su tutti i dispositivi.
Errors.Account.SaveFailedSigningOut,تعذّر حفظ آخر تقدم. جاري تسجيل الخروج رغم ذلك.,Couldn't save latest progress. Signing out anyway.,Impossible de sauvegarder. Déconnexion en cours.,Letzter Fortschritt konnte nicht gespeichert werden. Wird trotzdem abgemeldet.,最新の進行状況を保存できませんでした。それでもサインアウトします。,최근 진행 상황을 저장할 수 없습니다. 그래도 로그아웃합니다.,Não foi possível salvar o último progresso. Saindo mesmo assim.,No se pudo guardar el último progreso. Cerrando sesión de todos modos.,Son ilerleme kaydedilemedi. Yine de çıkış yapılıyor.,Impossibile salvare l'ultimo progresso. Disconnessione comunque in corso.
Errors.AdNotReady,الإعلان غير جاهز بعد.,Ad is not ready yet.,La pub n'est pas encore prête.,Werbung ist noch nicht bereit.,広告の準備ができていません。,광고가 아직 준비되지 않았습니다.,O anúncio ainda não está pronto.,El anuncio aún no está listo.,Reklam henüz hazır değil.,La pubblicità non è ancora pronta.
Errors.AutoForge.OneRarityRequired,يجب الإبقاء على ندرة واحدة على الأقل مفعّلة,At least one rarity must be kept active,Au moins une rareté doit rester active,Mindestens eine Seltenheit muss aktiv bleiben,レアリティを少なくとも1つ有効にしてください,최소 1개의 레어도가 활성 상태여야 합니다,Ao menos uma raridade deve permanecer ativa,Al menos una rareza debe permanecer activa,En az bir nadirlik aktif kalmalı,Almeno una rarità deve restare attiva
Errors.AutoForge.ReachLevelToUnlock,صل إلى المستوى {0} لفتح الفلتر,Reach Level {0} to unlock the filter,Atteins le Niveau {0} pour débloquer le filtre,"Erreiche Stufe {0}, um den Filter freizuschalten",フィルターを解放するにはレベル{0}に到達してください,필터 잠금을 해제하려면 레벨 {0}에 도달하세요,Alcance o Nível {0} para desbloquear o filtro,Alcanza el Nivel {0} para desbloquear el filtro,Filtreyi açmak için Seviye {0}'e ulaş,Raggiungi il Livello {0} per sbloccare il filtro
Errors.AutoForge.UpgradeMasteryToUnlock,رقّ الإتقان لفتحها,Upgrade Mastery to unlock,Améliore la Maîtrise pour débloquer,Verbessere die Meisterschaft zum Freischalten,解放には熟練度を強化してください,잠금 해제하려면 숙련도를 강화하세요,Melhore a Maestria para desbloquear,Mejora la Maestría para desbloquear,Açmak için Ustalığı yükselt,Migliora la Maestria per sbloccare
Errors.AutoForgeLocked,سيتم فتح الجمع التلقائي في المستوى {0},Auto Loot will be unlocked at Level {0},Récolte Auto se débloquera au Niveau {0},Auto-Sammeln wird auf Stufe {0} freigeschaltet,オートルートはレベル{0}で解放されます,오토 루팅은 레벨 {0}에서 잠금 해제됩니다,Loot Auto será desbloqueado no Nível {0},Recoger Auto se desbloqueará en el Nivel {0},"Otomatik Topla, Seviye {0}'da açılacak",La Raccolta Auto si sbloccherà al Livello {0}
Errors.BossRush.JoinFailed,فشل الانضمام إلى اندفاع الزعماء. يرجى المحاولة مجدداً.,Failed to join Boss Rush. Please try again.,Échec de rejoindre l'Assaut des Boss. Réessaie.,Beitritt zum Boss-Ansturm fehlgeschlagen. Bitte erneut versuchen.,ボスラッシュへの参加に失敗しました。再度お試しください。,보스 러쉬 참여에 실패했습니다. 다시 시도하세요.,Falha ao entrar na Caçada aos Chefes. Tente novamente.,Error al unirse al Asalto de Jefes. Inténtalo de nuevo.,Boss Akını'na katılınamadı. Lütfen tekrar deneyin.,Adesione a Assalto Boss fallita. Riprova.
Errors.BugReport.EmptyFields,الرجاء إدخال البريد الإلكتروني والوصف.,Please enter an email and description.,Veuillez saisir un e-mail et une description.,Bitte gib eine E-Mail-Adresse und eine Beschreibung ein.,メールアドレスと説明を入力してください。,이메일과 설명을 입력해 주세요.,Insira um e-mail e uma descrição.,Introduce un correo electrónico y una descripción.,Lütfen bir e-posta ve açıklama girin.,Inserisci un'email e una descrizione.
Errors.BugReport.Failed,تعذّر إرسال التقرير. حاول مرة أخرى.,Couldn't send your report. Please try again.,Échec de l'envoi du rapport. Veuillez réessayer.,Bericht konnte nicht gesendet werden. Bitte versuche es erneut.,レポートを送信できませんでした。もう一度お試しください。,신고를 전송하지 못했습니다. 다시 시도해 주세요.,Não foi possível enviar o relatório. Tente novamente.,No se pudo enviar el informe. Inténtalo de nuevo.,Rapor gönderilemedi. Lütfen tekrar dene.,Impossibile inviare la segnalazione. Riprova.
Errors.BugReport.InvalidEmail,يرجى إدخال بريد إلكتروني صالح,Please enter a valid email,Saisissez un e-mail valide,Bitte gib eine gültige E-Mail ein,有効なメールアドレスを入力してください,유효한 이메일을 입력하세요,Insira um e-mail válido,Introduce un correo válido,Lütfen geçerli bir email gir,Inserisci un'email valida
Errors.BugReport.Success,تم إرسال تقريرك. شكرًا لك!,Your report has been sent. Thank you!,Votre rapport a été envoyé. Merci !,Dein Bericht wurde gesendet. Danke!,レポートを送信しました。ありがとうございます！,신고가 전송되었습니다. 감사합니다!,Seu relatório foi enviado. Obrigado!,¡Tu informe ha sido enviado. Gracias!,Raporun gönderildi. Teşekkürler!,La tua segnalazione è stata inviata. Grazie!
Errors.Chat.LoadFailed,تعذّر تحميل الدردشة. يرجى المحاولة مجدداً.,Could not load chat. Please try again.,Impossible de charger le chat. Réessaie.,Chat konnte nicht geladen werden. Bitte erneut versuchen.,チャットを読み込めませんでした。再度お試しください。,채팅을 불러올 수 없습니다. 다시 시도하세요.,Não foi possível carregar o chat. Tente novamente.,No se pudo cargar el chat. Inténtalo de nuevo.,Sohbet yüklenemedi. Lütfen tekrar dene.,Impossibile caricare la chat. Riprova.
Errors.Chat.TooManyMessages,رسائل كثيرة جداً! انتظر {0}ث.,Too many messages! Wait {0}s.,Trop de messages ! Attends {0}s.,Zu viele Nachrichten! Warte {0}s.,メッセージが多すぎます!{0}秒待ってください。,메시지가 너무 많습니다! {0}초 기다리세요.,Muitas mensagens! Aguarde {0}s.,¡Demasiados mensajes! Espera {0}s.,Çok fazla mesaj! {0}sn bekle.,Troppi messaggi! Aspetta {0}s.
Errors.Clan.AcceptFailed,فشل قبول الطلب,Failed to accept request,Échec de l'acceptation de la demande,Anfrage konnte nicht angenommen werden,申請を承認できませんでした,신청 수락에 실패했습니다,Falha ao aceitar a solicitação,No se pudo aceptar la solicitud,Başvuru kabul edilemedi,Accettazione della richiesta non riuscita
Errors.Clan.AlreadyInClan,أنت بالفعل في عشيرة,You are already in a clan,Tu es déjà dans un clan,Du bist bereits in einem Clan,すでにクランに所属しています,이미 클랜에 가입되어 있습니다,Você já está em um clã,Ya estás en un clan,Zaten bir klandasın,Sei già in un clan
Errors.Clan.CaptainLimit,تم بلوغ الحد الأقصى لعدد الكباتن,Already have the maximum number of captains,Nombre maximum de capitaines atteint,Maximale Anzahl an Offizieren erreicht,キャプテンの上限に達しています,캡틴 수가 최대입니다,Número máximo de capitães atingido,Ya tienes el máximo de capitanes,Zaten en fazla sayıda kaptan var,Numero massimo di capitani raggiunto
Errors.Clan.CreateFailed,فشل إنشاء العشيرة,Failed to create clan,Échec de la création du clan,Clan konnte nicht gegründet werden,クランを作成できませんでした,클랜 생성에 실패했습니다,Falha ao criar o clã,No se pudo crear el clan,Klan oluşturulamadı,Creazione del clan non riuscita
Errors.Clan.DenyFailed,فشل رفض الطلب,Failed to deny request,Échec du refus de la demande,Anfrage konnte nicht abgelehnt werden,申請を拒否できませんでした,신청 거절에 실패했습니다,Falha ao recusar a solicitação,No se pudo rechazar la solicitud,Başvuru reddedilemedi,Rifiuto della richiesta non riuscito
Errors.Clan.Forbidden,ليست لديك صلاحية للقيام بذلك,You don't have permission to do that,Tu n'as pas la permission de faire ça,Dafür hast du keine Berechtigung,この操作を行う権限がありません,이 작업을 수행할 권한이 없습니다,Você não tem permissão para isso,No tienes permiso para hacer eso,Bunu yapma yetkin yok,Non hai il permesso di farlo
Errors.Clan.Full,العشيرة ممتلئة,Clan is full,Le clan est plein,Der Clan ist voll,クランが満員です,클랜이 가득 찼습니다,O clã está cheio,El clan está lleno,Klan dolu,Il clan è pieno
Errors.Clan.Generic,حدث خطأ ما، يرجى المحاولة مرة أخرى,"Something went wrong, please try again","Une erreur est survenue, réessaie","Etwas ist schiefgelaufen, bitte erneut versuchen",問題が発生しました。もう一度お試しください,문제가 발생했습니다. 다시 시도해 주세요,"Algo deu errado, tente novamente","Algo salió mal, inténtalo de nuevo","Bir şeyler ters gitti, lütfen tekrar dene","Qualcosa è andato storto, riprova"
Errors.Clan.InvalidName,يجب أن يكون اسم العشيرة من 3 إلى 15 حرفًا (أحرف وأرقام فقط),Clan name must be 3-15 characters (letters and numbers only),Le nom du clan doit faire 3 à 15 caractères (lettres et chiffres uniquement),Clanname muss 3-15 Zeichen lang sein (nur Buchstaben und Zahlen),クラン名は3~15文字で入力してください(英数字のみ),클랜 이름은 3~15자여야 합니다 (영문과 숫자만),O nome do clã deve ter 3-15 caracteres (apenas letras e números),El nombre del clan debe tener 3-15 caracteres (solo letras y números),Klan adı 3-15 karakter olmalı (sadece harf ve rakam),Il nome del clan deve avere 3-15 caratteri (solo lettere e numeri)
Errors.Clan.JoinCooldown,يجب الانتظار 24 ساعة بعد مغادرة العشيرة قبل الانضمام إلى أخرى.,You must wait 24 hours after leaving a clan before joining another.,Vous devez attendre 24 heures après avoir quitté un clan avant d'en rejoindre un autre.,"Nach dem Verlassen eines Clans musst du 24 Stunden warten, bevor du einem anderen beitreten kannst.",クランを脱退してから24時間経たないと、別のクランに参加できません。,클랜 탈퇴 후 24시간이 지나야 다른 클랜에 가입할 수 있습니다.,Você deve esperar 24 horas após sair de um clã antes de entrar em outro.,Debes esperar 24 horas tras abandonar un clan antes de unirte a otro.,Bir klandan ayrıldıktan sonra başka birine katılmak için 24 saat beklemelisin.,Devi attendere 24 ore dopo aver lasciato un clan prima di unirti a un altro.
Errors.Clan.JoinFailed,فشل الانضمام إلى العشيرة,Failed to join clan,Impossible de rejoindre le clan,Beitritt zum Clan fehlgeschlagen,クランに参加できませんでした,클랜 가입에 실패했습니다,Falha ao entrar no clã,No se pudo unir al clan,Klana katılınamadı,Impossibile unirsi al clan
Errors.Clan.KickFailed,فشل طرد العضو,Failed to kick member,Échec de l'exclusion du membre,Mitglied konnte nicht entfernt werden,メンバーを追放できませんでした,멤버 추방에 실패했습니다,Falha ao expulsar o membro,No se pudo expulsar al miembro,Üye atılamadı,Espulsione del membro non riuscita
Errors.Clan.LeaveFailed,فشل مغادرة العشيرة,Failed to leave clan,Impossible de quitter le clan,Verlassen des Clans fehlgeschlagen,クランを脱退できませんでした,클랜 탈퇴에 실패했습니다,Falha ao sair do clã,No se pudo salir del clan,Klandan ayrılınamadı,Impossibile abbandonare il clan
Errors.Clan.LoadFailed,فشل تحميل بيانات العشيرة,Failed to load clan data,Échec du chargement des données du clan,Clandaten konnten nicht geladen werden,クラン情報を読み込めませんでした,클랜 정보를 불러오지 못했습니다,Falha ao carregar os dados do clã,No se pudieron cargar los datos del clan,Klan verileri yüklenemedi,Caricamento dati del clan non riuscito
Errors.Clan.NameTaken,اسم العشيرة مستخدم بالفعل,This clan name is already taken,Ce nom de clan est déjà pris,Dieser Clanname ist bereits vergeben,このクラン名はすでに使われています,이미 사용 중인 클랜 이름입니다,Este nome de clã já está em uso,Ese nombre de clan ya está en uso,Bu klan adı zaten alınmış,Questo nome di clan è già in uso
Errors.Clan.NotFound,لم يتم العثور على العشيرة,Clan not found,Clan introuvable,Clan nicht gefunden,クランが見つかりません,클랜을 찾을 수 없습니다,Clã não encontrado,Clan no encontrado,Klan bulunamadı,Clan non trovato
Errors.Clan.NotInClan,أنت لست في عشيرة,You are not in a clan,Tu n'es pas dans un clan,Du bist in keinem Clan,クランに所属していません,클랜에 가입되어 있지 않습니다,Você não está em um clã,No estás en un clan,Bir klanda değilsin,Non sei in un clan
Errors.Clan.Profanity,يرجى إزالة الكلمات غير اللائقة,Please remove inappropriate words,Merci de retirer les mots inappropriés,Bitte unangemessene Wörter entfernen,不適切な言葉を削除してください,부적절한 단어를 제거해 주세요,Remova as palavras inapropriadas,Elimina las palabras inapropiadas,Lütfen uygunsuz kelimeleri kaldır,Rimuovi le parole inappropriate
Errors.Clan.RequestAlreadyPending,طلبك معلق بالفعل,Request already pending,Demande déjà en attente,Anfrage bereits ausstehend,申請はすでに保留中です,이미 신청이 대기 중입니다,Solicitação já pendente,Solicitud ya pendiente,Başvurun zaten beklemede,Richiesta già in sospeso
Errors.Clan.RequestCooldown,لقد بلغت الحد اليومي لطلبات الانضمام,Daily join request limit reached,Limite quotidienne de demandes atteinte,Tägliches Anfragelimit erreicht,1日の申請上限に達しました,일일 가입 신청 한도에 도달했습니다,Limite diário de solicitações atingido,Límite diario de solicitudes alcanzado,Günlük başvuru sınırına ulaştın,Limite giornaliero di richieste raggiunto
Errors.Clan.RequestFailed,فشل إرسال الطلب,Failed to send request,Échec de l'envoi de la demande,Anfrage konnte nicht gesendet werden,申請を送信できませんでした,신청 전송에 실패했습니다,Falha ao enviar a solicitação,No se pudo enviar la solicitud,Başvuru gönderilemedi,Invio della richiesta non riuscito
Errors.Clan.RequestNotPending,هذا الطلب لم يعد معلقًا,This request is no longer pending,Cette demande n'est plus en attente,Diese Anfrage ist nicht mehr ausstehend,この申請はすでに処理されています,이 신청은 더 이상 대기 중이 아닙니다,Esta solicitação não está mais pendente,Esta solicitud ya no está pendiente,Bu başvuru artık beklemede değil,Questa richiesta non è più in sospeso
Errors.Clan.RoleChangeFailed,فشل تغيير الرتبة,Failed to change role,Échec du changement de rôle,Rolle konnte nicht geändert werden,役職を変更できませんでした,역할 변경에 실패했습니다,Falha ao alterar o cargo,No se pudo cambiar el rol,Rütbe değiştirilemedi,Cambio di ruolo non riuscito
Errors.Clan.SaveFailed,فشل حفظ التغييرات,Failed to save changes,Échec de l'enregistrement,Änderungen konnten nicht gespeichert werden,変更を保存できませんでした,변경 사항 저장에 실패했습니다,Falha ao salvar as alterações,No se pudieron guardar los cambios,Değişiklikler kaydedilemedi,Salvataggio non riuscito
Errors.Clan.SearchFailed,فشل البحث,Search failed,Échec de la recherche,Suche fehlgeschlagen,検索に失敗しました,검색에 실패했습니다,Falha na busca,Error en la búsqueda,Arama başarısız,Ricerca non riuscita
Errors.Clan.StateChanged,تغيّرت الحالة، حدّث وأعد المحاولة,"State changed, refresh and retry","L'état a changé, actualise et réessaie","Status geändert, aktualisieren und erneut versuchen",状態が変わりました。更新して再試行してください,상태가 변경되었습니다. 새로고침 후 다시 시도하세요,"O estado mudou, atualize e tente novamente","El estado cambió, actualiza y reintenta","Durum değişti, yenileyip tekrar dene","Stato cambiato, aggiorna e riprova"
Errors.Clan.Validation,إدخال غير صالح,Invalid input,Saisie invalide,Ungültige Eingabe,入力が無効です,잘못된 입력입니다,Entrada inválida,Entrada no válida,Geçersiz giriş,Input non valido
Errors.ClanWar.AlreadyClaimed,تم جمعها بالفعل.,Already claimed.,Déjà récupéré.,Bereits abgeholt.,すでに受け取り済みです。,이미 수령했습니다.,Já resgatado.,Ya reclamado.,Zaten toplandı.,Già riscosso.
Errors.ClanWar.AlreadyDefeated,هذا الخصم مهزوم بالفعل.,This enemy has already been defeated.,Cet ennemi a déjà été vaincu.,Dieser Gegner wurde bereits besiegt.,この敵はすでに撃破されています。,이 적은 이미 처치되었습니다.,Este inimigo já foi derrotado.,Este enemigo ya ha sido derrotado.,Bu düşman zaten yenildi.,Questo nemico è già stato sconfitto.
Errors.ClanWar.ClaimFailed,تعذّر جمع المكافأة.,Failed to claim the reward.,Échec de la récupération de la récompense.,Belohnung konnte nicht abgeholt werden.,報酬を受け取れませんでした。,보상을 받지 못했습니다.,Falha ao resgatar a recompensa.,No se pudo reclamar la recompensa.,Ödül toplanamadı.,Impossibile riscuotere la ricompensa.
Errors.ClanWar.LoadFailed,تعذّر تحميل بيانات حرب العشيرة.,Failed to load clan war data.,Échec du chargement des données de guerre de clans.,Clankrieg-Daten konnten nicht geladen werden.,クラン戦争のデータを読み込めませんでした。,클랜전 데이터를 불러오지 못했습니다.,Falha ao carregar os dados da guerra de clãs.,No se pudieron cargar los datos de la guerra de clanes.,Klan savaşı verileri yüklenemedi.,Impossibile caricare i dati della guerra tra clan.
Errors.ClanWar.MilestoneNotReached,لم يتم بلوغ المرحلة بعد.,Milestone not reached yet.,Palier pas encore atteint.,Meilenstein noch nicht erreicht.,マイルストーンにまだ到達していません。,아직 마일스톤에 도달하지 않았습니다.,Marco ainda não alcançado.,Aún no has alcanzado este hito.,Hedefe henüz ulaşılmadı.,Traguardo non ancora raggiunto.
Errors.ClanWar.NoTickets,لم تتبق تذاكر.,No tickets remaining.,Plus de tickets restants.,Keine Tickets mehr übrig.,チケットが残っていません。,남은 티켓이 없습니다.,Não restam tickets.,No quedan tickets.,Bilet kalmadı.,Nessun biglietto rimasto.
Errors.ClanWar.NoWar,لا توجد حرب عشائر نشطة.,No active clan war.,Aucune guerre de clans en cours.,Kein aktiver Clankrieg.,進行中のクラン戦争はありません。,진행 중인 클랜전이 없습니다.,Não há guerra de clãs ativa.,No hay guerra de clanes activa.,Aktif klan savaşı yok.,Nessuna guerra tra clan attiva.
Errors.ClanWar.NotEligible,أنت غير مؤهل لهذا الإجراء.,You are not eligible for this action.,Vous n'êtes pas éligible pour cette action.,Du bist für diese Aktion nicht berechtigt.,このアクションを実行する資格がありません。,이 작업을 수행할 자격이 없습니다.,Você não é elegível para esta ação.,No cumples los requisitos para esta acción.,Bu işlem için uygun değilsin.,Non sei idoneo per questa azione.
Errors.ClanWar.NotInPvpDay,معارك PvP متاحة في اليوم 6 فقط.,PvP battles are only available on Day 6.,Les combats PvP ne sont disponibles que le jour 6.,PvP-Kämpfe sind nur an Tag 6 verfügbar.,PvPバトルは6日目のみ利用できます。,PvP 전투는 6일 차에만 가능합니다.,As batalhas PvP só estão disponíveis no dia 6.,Las batallas PvP solo están disponibles el día 6.,PvP savaşları yalnızca 6. Gün'de yapılabilir.,PvP-Kämpfe? Le battaglie PvP sono disponibili solo il giorno 6.
Errors.ClanWar.NothingToClaim,لا يوجد ما يمكن جمعه.,Nothing to claim.,Rien à récupérer.,Nichts zum Abholen.,受け取れるものがありません。,수령할 항목이 없습니다.,Nada para resgatar.,Nada que reclamar.,Toplanacak ödül yok.,Niente da riscuotere.
Errors.ClanWar.RateLimited,طلبات كثيرة جدًا. يُرجى الانتظار قليلًا.,Too many requests. Please wait a moment.,Trop de requêtes. Veuillez patienter un instant.,Zu viele Anfragen. Bitte warte einen Moment.,リクエストが多すぎます。しばらくお待ちください。,요청이 너무 많습니다. 잠시 후 다시 시도하세요.,Muitas solicitações. Aguarde um momento.,Demasiadas solicitudes. Espera un momento.,Çok fazla istek. Lütfen biraz bekle.,Troppe richieste. Attendi un momento.
Errors.ClanWar.StartBattleFailed,تعذّر بدء المعركة.,Failed to start the battle.,Échec du lancement du combat.,Kampf konnte nicht gestartet werden.,バトルを開始できませんでした。,전투를 시작하지 못했습니다.,Falha ao iniciar a batalha.,No se pudo iniciar la batalla.,Savaş başlatılamadı.,Impossibile avviare la battaglia.
Errors.ClanWar.TargetNotInRound,هذا الهدف ليس ضمن الجولة الحالية.,This target is not part of the current round.,Cette cible ne fait pas partie de la manche en cours.,Dieses Ziel ist nicht Teil der aktuellen Runde.,このターゲットは現在のラウンドに含まれていません。,이 대상은 현재 라운드에 포함되어 있지 않습니다.,Este alvo não faz parte da rodada atual.,Este objetivo no forma parte de la ronda actual.,Bu hedef mevcut turda yer almıyor.,Questo bersaglio non fa parte del round attuale.
Errors.ClanWar.WrongState,تغيّرت حالة الحرب. حدّث وحاول مرة أخرى.,The war state has changed. Refresh and try again.,L'état de la guerre a changé. Actualisez et réessayez.,Der Kriegsstatus hat sich geändert. Aktualisiere und versuche es erneut.,戦争の状態が変わりました。更新してもう一度お試しください。,전쟁 상태가 변경되었습니다. 새로고침 후 다시 시도하세요.,O estado da guerra mudou. Atualize e tente novamente.,El estado de la guerra ha cambiado. Actualiza e inténtalo de nuevo.,Savaş durumu değişti. Yenileyip tekrar dene.,Lo stato della guerra è cambiato. Aggiorna e riprova.
Errors.ComingSoon,قريباً,Coming Soon,Bientôt,Demnächst,近日公開,출시 예정,Em breve,Próximamente,Yakında,Prossimamente
Errors.ConnectionFailed,فشل الاتصال,Connection failed,Échec de connexion,Verbindung fehlgeschlagen,接続に失敗しました,연결 실패,Falha de conexão,Error de conexión,Bağlantı başarısız,Connessione fallita
Errors.InsufficientResources,موارد غير كافية,Insufficient Resources,Ressources insuffisantes,Nicht genug Ressourcen,リソース不足,자원 부족,Recursos insuficientes,Recursos insuficientes,Yetersiz Kaynak,Risorse insufficienti
Errors.Mining.NoDrills,لا توجد مثاقب كافية!,No drills available!,Pas assez de foreuses !,Nicht genug Bohrer!,ドリルが足りません!,드릴이 부족합니다!,Furadeiras insuficientes!,¡No hay suficientes taladros!,Yeterli matkap yok!,Trapani non sufficienti!
Errors.Mining.NoGoldenPickaxes,لا توجد معاول ذهبية كافية!,No golden pickaxes available!,Pas assez de pioches en or !,Nicht genug Goldspitzhacken!,ゴールドピッケルが足りません!,황금 곡괭이가 부족합니다!,Picaretas de ouro insuficientes!,¡No hay suficientes picos de oro!,Yeterli altın kazma yok!,Picconi d'oro non sufficienti!
Errors.Mining.NoPath,لا يوجد مسار متاح!,No path available!,Aucun chemin disponible !,Kein Pfad verfügbar!,経路がありません!,이용 가능한 경로가 없습니다!,Sem caminho disponível!,¡No hay camino disponible!,Ulaşılabilir yol yok!,Nessun percorso disponibile!
Errors.Mining.NoPickaxes,لا توجد معاول كافية!,No pickaxes available!,Pas assez de pioches !,Nicht genug Spitzhacken!,ピッケルが足りません!,곡괭이가 부족합니다!,Picaretas insuficientes!,¡No hay suficientes picos!,Yeterli kazma yok!,Picconi non sufficienti!
Errors.Mining.TooDeep,عميق جداً! حطم الكتل العلوية أولاً.,Too deep! Mine upper blocks first.,Trop profond ! Mine d'abord les blocs au-dessus.,Zu tief! Brich erst die oberen Blöcke ab.,深すぎます!まず上のブロックを採掘してください。,너무 깊습니다! 먼저 위쪽 블록을 채굴하세요.,Profundidade excessiva! Minere primeiro os blocos acima.,¡Demasiado profundo! Mina primero los bloques superiores.,Çok derin! Önce üstteki blokları kır.,Troppo profondo! Rompi prima i blocchi sopra.
Errors.NetworkError,خطأ في الشبكة.,Network error.,Erreur réseau.,Netzwerkfehler.,ネットワークエラー。,네트워크 오류.,Erro de rede.,Error de red.,Bağlantı hatası.,Errore di rete.
Errors.NotEnoughGems,لا تملك جواهر كافية!,Not enough gems!,Pas assez de gemmes !,Nicht genug Edelsteine!,ジェムが足りません!,젬이 부족합니다!,Gemas insuficientes!,¡No tienes suficientes gemas!,Yeterli elmasın yok!,Gemme insufficienti!
Errors.PvP.FindOpponentsFailed,فشل البحث عن الخصوم.,Failed to find opponents.,Échec de recherche d'adversaires.,Gegnersuche fehlgeschlagen.,対戦相手の検索に失敗しました。,상대 검색에 실패했습니다.,Falha ao buscar oponentes.,Error al buscar oponentes.,Rakipler aranırken hata oluştu.,Ricerca avversari fallita.
Errors.PvP.GetResultsFailed,فشل الحصول على نتائج المعركة.,Failed to get battle results.,Échec de récupération des résultats.,Kampfergebnisse konnten nicht abgerufen werden.,バトル結果の取得に失敗しました。,전투 결과를 가져오지 못했습니다.,Falha ao obter resultados do combate.,Error al obtener los resultados del combate.,Maç sonuçları alınamadı.,Recupero risultati battaglia fallito.
Errors.PvP.GrantTicketFailed,فشلت إضافة التذكرة.,Failed to grant ticket.,Échec d'ajout du ticket.,Ticket konnte nicht hinzugefügt werden.,チケットの付与に失敗しました。,티켓 추가에 실패했습니다.,Falha ao adicionar ticket.,Error al añadir el ticket.,Bilet eklenemedi.,Aggiunta del ticket fallita.
Errors.PvP.LoadFailed,فشل تحميل PvP.,Failed to load PvP.,Échec du chargement PvP.,PvP konnte nicht geladen werden.,PvPの読み込みに失敗しました。,PvP를 불러오지 못했습니다.,Falha ao carregar PvP.,Error al cargar PvP.,PvP yüklenemedi.,Caricamento PvP fallito.
Errors.PvP.LoadLeaderboardFailed,فشل تحميل لوحة المتصدرين.,Failed to load leaderboard.,Échec du chargement du classement.,Bestenliste konnte nicht geladen werden.,ランキングの読み込みに失敗しました。,랭킹을 불러오지 못했습니다.,Falha ao carregar o ranking.,Error al cargar la clasificación.,Liderlik tablosu yüklenemedi.,Caricamento classifica fallito.
Errors.PvP.MissingBattleToken,رمز المعركة مفقود.,Missing battle token.,Token de combat manquant.,Kampf-Token fehlt.,バトルトークンがありません。,전투 토큰이 없습니다.,Token de combate ausente.,Falta el token de combate.,Maç bilgisi bulunamadı.,Token di battaglia mancante.
Errors.PvP.NoAdTicketsToday,لا تملك تذاكر إعلانات PvP لليوم.,No more PvP ad tickets today.,Plus de tickets pub PvP aujourd'hui.,Heute keine PvP-Werbetickets mehr.,本日のPvP広告チケットはもう残っていません。,오늘 PvP 광고 티켓이 남아 있지 않습니다.,Sem mais tickets de anúncio PvP hoje.,No quedan tickets de anuncio PvP hoy.,Bugün için reklam biletiniz kalmadı.,Nessun ticket pubblicità PvP rimasto oggi.
Errors.PvP.NoTicketsRemaining,لا تملك تذاكر PvP متبقية.,No PvP tickets remaining.,Plus de tickets PvP.,Keine PvP-Tickets mehr.,PvPチケットが残っていません。,PvP 티켓이 남아 있지 않습니다.,Sem tickets PvP restantes.,No quedan tickets PvP.,PvP biletiniz kalmadı.,Nessun ticket PvP rimasto.
Errors.PvP.OpponentNotFound,الخصم غير موجود.,Opponent not found.,Adversaire introuvable.,Gegner nicht gefunden.,対戦相手が見つかりません。,상대를 찾을 수 없습니다.,Oponente não encontrado.,Oponente no encontrado.,Rakip bulunamadı.,Avversario non trovato.
Errors.PvP.ReportBattleFailed,فشل إرسال نتيجة المعركة.,Failed to report battle.,Échec d'envoi du résultat.,Kampfergebnis konnte nicht gesendet werden.,バトル結果の送信に失敗しました。,전투 결과 전송에 실패했습니다.,Falha ao enviar resultado do combate.,Error al enviar el resultado del combate.,Maç sonucu gönderilemedi.,Invio risultato battaglia fallito.
Errors.PvP.RosterExpired,انتهت قائمة الخصوم.,Opponent roster expired.,Liste d'adversaires expirée.,Gegnerliste abgelaufen.,対戦相手リストの有効期限が切れました。,상대 목록이 만료되었습니다.,Lista de oponentes expirada.,Lista de oponentes expirada.,Rakip listesi sona erdi.,Lista avversari scaduta.
Errors.PvP.StartBattleFailed,فشل بدء معركة PvP.,Failed to start PvP battle.,Échec du démarrage du combat PvP.,PvP-Kampf konnte nicht gestartet werden.,PvPバトルの開始に失敗しました。,PvP 전투 시작에 실패했습니다.,Falha ao iniciar combate PvP.,Error al iniciar el combate PvP.,Maç başlatılamadı.,Avvio battaglia PvP fallito.
Errors.Redeem.AlreadyRedeemed,لقد استخدمت هذا الرمز بالفعل,You've already used this code,Vous avez déjà utilisé ce code,Du hast diesen Code bereits eingelöst,このコードはすでに使用済みです,이미 사용한 코드입니다,Você já usou este código,Ya has usado este código,Bu kodu zaten kullandın,Hai già usato questo codice
Errors.Redeem.Expired,انتهت صلاحية هذا الرمز,This code has expired,Ce code a expiré,Dieser Code ist abgelaufen,このコードは期限切れです,이 코드는 만료되었습니다,Este código expirou,Este código ha caducado,Bu kodun süresi dolmuş,Questo codice è scaduto
Errors.Redeem.Generic,حدث خطأ ما. يرجى المحاولة مرة أخرى.,Something went wrong. Please try again.,Une erreur s'est produite. Veuillez réessayer.,Etwas ist schiefgelaufen. Bitte versuche es erneut.,問題が発生しました。もう一度お試しください。,문제가 발생했습니다. 다시 시도하세요.,Algo deu errado. Tente novamente.,Algo salió mal. Inténtalo de nuevo.,Bir şeyler ters gitti. Lütfen tekrar dene.,Qualcosa è andato storto. Riprova.
Errors.Redeem.Invalid,رمز غير صالح,Invalid code,Code invalide,Ungültiger Code,無効なコードです,유효하지 않은 코드입니다,Código inválido,Código no válido,Geçersiz kod,Codice non valido
Errors.Redeem.LevelNotMet,أنت لا تستوفي شرط المستوى لهذا الرمز,You don't meet the level requirement for this code,Vous ne remplissez pas la condition de niveau pour ce code,Du erfüllst die Levelanforderung für diesen Code nicht,このコードのレベル条件を満たしていません,이 코드의 레벨 요건을 충족하지 않습니다,Você não atende ao requisito de nível deste código,No cumples el requisito de nivel para este código,Bu kod için seviye şartını karşılamıyorsun,Non soddisfi il requisito di livello per questo codice
Errors.Redeem.LimitReached,وصل هذا الرمز إلى الحد الأقصى,This code has reached its limit,Ce code a atteint sa limite,Dieser Code hat sein Limit erreicht,このコードは上限に達しました,이 코드는 사용 한도에 도달했습니다,Este código atingiu o limite,Este código alcanzó su límite,Bu kod kullanım limitine ulaştı,Questo codice ha raggiunto il limite
Errors.Redeem.TooManyAttempts,محاولات كثيرة جدًا. يرجى المحاولة لاحقًا.,Too many attempts. Please try again later.,Trop de tentatives. Réessayez plus tard.,Zu viele Versuche. Bitte versuche es später erneut.,試行回数が多すぎます。後でもう一度お試しください。,시도 횟수가 너무 많습니다. 나중에 다시 시도하세요.,Tentativas em excesso. Tente novamente mais tarde.,Demasiados intentos. Inténtalo de nuevo más tarde.,Çok fazla deneme yaptın. Lütfen sonra tekrar dene.,Troppi tentativi. Riprova più tardi.
Errors.RegistrationFailed,فشل التسجيل,Registration failed,Échec de l'inscription,Registrierung fehlgeschlagen,登録に失敗しました,가입 실패,Falha no cadastro,Error de registro,Kayıt başarısız,Registrazione fallita
Errors.Report.NoReasonSelected,يرجى اختيار سبب واحد على الأقل,Please select at least one reason,Sélectionne au moins une raison,Bitte wähle mindestens einen Grund,理由を1つ以上選択してください,사유를 1개 이상 선택하세요,Selecione ao menos um motivo,Selecciona al menos una razón,Lütfen en az bir sebep seç,Seleziona almeno un motivo
Errors.Report.SubmitFailed,فشل إرسال البلاغ. يرجى المحاولة مجدداً.,Report failed. Please try again.,Échec du signalement. Réessaie.,Meldung fehlgeschlagen. Bitte erneut versuchen.,通報の送信に失敗しました。再度お試しください。,신고 전송에 실패했습니다. 다시 시도하세요.,Falha ao enviar denúncia. Tente novamente.,Error al enviar el reporte. Inténtalo de nuevo.,Rapor başarısız. Lütfen tekrar dene.,Segnalazione fallita. Riprova.
Errors.Report.Success,تم إرسال البلاغ. شكراً!,Report submitted. Thank you!,Signalement envoyé. Merci !,Meldung gesendet. Danke!,通報を送信しました。ありがとうございます!,신고가 전송되었습니다. 감사합니다!,Denúncia enviada. Obrigado!,Reporte enviado. ¡Gracias!,Rapor gönderildi. Teşekkürler!,Segnalazione inviata. Grazie!
Errors.RewardedAdFailed,فشل تشغيل الإعلان.,Rewarded ad failed.,Échec de la pub récompensée.,Belohnte Werbung fehlgeschlagen.,リワード広告の表示に失敗しました。,보상형 광고 표시에 실패했습니다.,Falha ao exibir o anúncio recompensado.,Error al mostrar el anuncio recompensado.,Reklam gösterilemedi.,Pubblicità ricompensata fallita.
Errors.UnlockAtLevel,يُفتح في المستوى {0},Unlock at Level {0},Se débloque au Niveau {0},Wird auf Stufe {0} freigeschaltet,レベル{0}で解放,레벨 {0}에서 잠금 해제,Desbloqueia no Nível {0},Se desbloquea en el Nivel {0},Seviye {0}'da açılır,Si sblocca al Livello {0}
Items.Backpack.Name.12,حقيبة سفر,Travel Pack,Sac de Voyage,Reisetasche,トラベルパック,트래블 팩,Bolsa de Viagem,Bolsa de Viaje,Seyahat Çantası,Sacca da Viaggio
Items.Backpack.Name.13,لفافة فراش,Bed Roll,Sac de Couchage,Schlafrolle,ベッドロール,침낭,Saco de Dormir,Saco de Dormir,Yatak Rulosu,Sacco a Pelo
Items.Backpack.Name.1344,درع الجليد,Ice Shield,Bouclier de Glace,Eisschild,アイスシールド,아이스 실드,Escudo de Gelo,Escudo de Hielo,Buz Kalkan,Scudo di Ghiaccio
Items.Backpack.Name.1345,درع الصقيع,Frost Shield,Bouclier de Givre,Frostschild,フロストシールド,프로스트 실드,Escudo de Geada,Escudo de Escarcha,Don Kalkanı,Scudo di Gelo
Items.Backpack.Name.1396,سفر جهنمي,Infernal Tome,Tome Infernal,Höllen-Foliant,インファーナルトーム,인페르날 토메,Tomo Infernal,Tomo Infernal,Cehennem Tomu,Tomo Infernale
Items.Backpack.Name.1397,حقيبة قرمزية,Crimson Backpack,Sac Cramoisi,Karmesin-Rucksack,クリムゾンバックパック,크림슨 백팩,Mochila Carmesim,Mochila Carmesí,Kızıl Çanta,Zaino Cremisi
Items.Backpack.Name.1398,قيثارة سماوية,Celestial Lyre,Lyre Céleste,Himmlische Lyra,セレスティアルライアー,셀레스티얼 라이어,Lira Celestial,Lira Celestial,Semavi Arp,Lira Celeste
Items.Backpack.Name.1399,درع متألق,Radiant Shield,Bouclier Radieux,Strahlender Schild,ラディアントシールド,래디언트 실드,Escudo Radiante,Escudo Radiante,Parlak Kalkan,Scudo Radiante
Items.Backpack.Name.16,حقيبة خشنة,Hide Backpack,Sac en Cuir Brut,Fellrucksack,ハイドバックパック,하이드 백팩,Mochila de Couro Cru,Mochila de Cuero Crudo,Post Çantası,Zaino di Pelle Grezza
Items.Backpack.Name.17,حزمة أسهم,Arrow Bundle,Botte de Flèches,Pfeilbündel,アローバンドル,화살 묶음,Feixe de Flechas,Haz de Flechas,Ok Destesi,Fascio di Frecce
Items.Backpack.Name.19,درع مستدير,Round Shield,Bouclier Rond,Rundschild,ラウンドシールド,라운드 실드,Escudo Redondo,Escudo Redondo,Yuvarlak Kalkan,Scudo Rotondo
Items.Backpack.Name.20,جعبة,Quiver,Carquois,Köcher,クイバー,화살통,Aljava,Carcaj,Sadak,Faretra
Items.Backpack.Name.39,جعبة الرامي,Archer Quiver,Carquois d'Archer,Bogenschützen-Köcher,アーチャークイバー,아처 화살통,Aljava de Arqueiro,Carcaj de Arquero,Okçu Sadağı,Faretra dell'Arciere
Items.Backpack.Name.41,درع التمبلر,Templar Shield,Bouclier Templier,Templer-Schild,テンプラーシールド,템플러 실드,Escudo Templário,Escudo Templario,Tapınakçı Kalkanı,Scudo Templare
Items.Backpack.Name.42,درع قطرة,Kite Shield,Bouclier en Goutte,Tropfenschild,カイトシールド,카이트 실드,Escudo de Pipa,Escudo de Cometa,Damla Kalkan,Scudo a Goccia
Items.Backpack.Name.43,درع الفارس,Knight Shield,Bouclier de Chevalier,Ritterschild,ナイトシールド,나이트 실드,Escudo de Cavaleiro,Escudo de Caballero,Şövalye Kalkanı,Scudo del Cavaliere
Items.Backpack.Name.44,حقيبة الغموض,Arcane Backpack,Sac Arcane,Arkaner Rucksack,アーケインバックパック,아케인 백팩,Mochila Arcana,Mochila Arcana,Gizemli Çanta,Zaino Arcano
Items.Backpack.Name.45,درع روحاني,Mystic Shield,Bouclier Mystique,Mystischer Schild,ミスティックシールド,미스틱 실드,Escudo Místico,Escudo Místico,Mistik Kalkan,Scudo Mistico
Items.Backpack.Name.46,كتاب مقدس,Sacred Book,Livre Sacré,Heiliges Buch,聖典,성서,Livro Sagrado,Libro Sagrado,Mukaddes Kitap,Libro Sacro
Items.Backpack.Name.47,جعبة برية,Wild Quiver,Carquois Sauvage,Wilder Köcher,ワイルドクイバー,와일드 화살통,Aljava Selvagem,Carcaj Salvaje,Vahşi Sadak,Faretra Selvaggia
Items.Cape.Name.1,عباءة فلاح,Peasant Cloak,Cape de Paysan,Bauern-Umhang,ピーザントクローク,페전트 클록,Manto de Camponês,Capa de Campesino,Köylü Pelerini,Mantello del Contadino
Items.Cape.Name.10,عباءة الشيطان,Fiend Cloak,Cape de Démon,Unhold-Umhang,フィエンドクローク,피엔드 클록,Manto de Demônio,Capa de Demonio,Şeytan Pelerini,Mantello del Demone
Items.Cape.Name.11,عباءة الكهنوت,Holy Cloak,Cape Sainte,Heiliger Umhang,ホーリークローク,홀리 클록,Manto Santo,Capa Santa,Kutsal Pelerin,Mantello Santo
Items.Cape.Name.12,عباءة إلهية,Divine Cloak,Cape Divine,Göttlicher Umhang,ディヴァインクローク,디바인 클록,Manto Divino,Capa Divina,İlahi Pelerin,Mantello Divino
Items.Cape.Name.2,عباءة جلدية,Leather Cloak,Cape en Cuir,Lederumhang,レザークローク,레더 클록,Manto de Couro,Capa de Cuero,Deri Pelerin,Mantello di Cuoio
Items.Cape.Name.3,عباءة برتقالية,Orange Cloak,Cape Orange,Oranger Umhang,オレンジクローク,오렌지 클록,Manto Laranja,Capa Naranja,Turuncu Pelerin,Mantello Arancione
Items.Cape.Name.4,عباءة خضراء,Green Cloak,Cape Verte,Grüner Umhang,グリーンクローク,그린 클록,Manto Verde,Capa Verde,Yeşil Pelerin,Mantello Verde
Items.Cape.Name.5,عباءة الفارس,Knight Cloak,Cape de Chevalier,Ritter-Umhang,ナイトクローク,나이트 클록,Manto de Cavaleiro,Capa de Caballero,Şövalye Pelerini,Mantello del Cavaliere
Items.Cape.Name.6,عباءة ملكية,Royal Cloak,Cape Royale,Königlicher Umhang,ロイヤルクローク,로열 클록,Manto Real,Capa Real,Kraliyet Pelerini,Mantello Reale
Items.Cape.Name.7,عباءة الدرويد,Druid Cloak,Cape de Druide,Druiden-Umhang,ドルイドクローク,드루이드 클록,Manto de Druida,Capa de Druida,Druid Pelerini,Mantello del Druido
Items.Cape.Name.8,عباءة متجمدة,Frozen Cloak,Cape Gelée,Gefrorener Umhang,フローズンクローク,프로즌 클록,Manto Congelado,Capa Congelada,Donmuş Pelerin,Mantello Congelato
Items.Cape.Name.9,عباءة مصاص الدماء,Vampire Cloak,Cape de Vampire,Vampir-Umhang,ヴァンパイアクローク,뱀파이어 클록,Manto de Vampiro,Capa de Vampiro,Vampir Pelerini,Mantello del Vampiro
Items.Chest.Name.epic,الصندوق الملحمي,Epic Chest,Coffre épique,Epische Truhe,エピックチェスト,에픽 상자,Baú épico,Cofre épico,Destansı Sandık,Forziere epico
Items.Chest.Name.legendary,الصندوق الأسطوري,Legendary Chest,Coffre légendaire,Legendäre Truhe,レジェンダリーチェスト,전설 상자,Baú lendário,Cofre legendario,Efsanevi Sandık,Forziere leggendario
Items.Chest.Name.mythic,الخزنة الخرافية,Mythic Vault,Chambre forte mythique,Mythischer Tresor,ミシックボールト,신화 금고,Cofre mítico,Cámara mítica,Mitik Kasa,Caveau mitico
Items.Chest.Name.standard,الصندوق العادي,Standard Chest,Coffre standard,Standardtruhe,スタンダードチェスト,일반 상자,Baú padrão,Cofre estándar,Standart Sandık,Forziere standard
Items.Companion.Desc.Companion_1_Common_DPS_Single,يطلق ألسنة لهب تسبب <Value> ضرر.,Launches flames that deal <Value> Damage.,Lance des flammes infligeant <Value> Dégâts.,"Schleudert Flammen, die <Value> Schaden verursachen.",炎を放ち、<Value>のダメージを与えます。,화염을 발사하여 <Value>의 데미지를 입힙니다.,Lança chamas que causam <Value> de Dano.,Lanza llamas que infligen <Value> de Daño.,<Value> hasar veren alevler fırlatır.,Lancia fiamme che infliggono <Value> Danni.
Items.Companion.Desc.Companion_1_Common_Heal_Single,يطلق قذيفة شفاء تعيد <Value> صحة.,Fires a healing projectile that restores <Value> Health.,Tire un projectile soignant qui restaure <Value> PV.,"Verschießt ein heilendes Geschoss, das <Value> LP wiederherstellt.",回復弾を発射し、<Value>のHPを回復します。,회복 투사체를 발사하여 <Value>의 HP를 회복합니다.,Dispara um projétil curativo que restaura <Value> de HP.,Dispara un proyectil curativo que restaura <Value> de PV.,<Value> can yenileyen iyileştirici bir mermi fırlatır.,Spara un proiettile curativo che ripristina <Value> PV.
Items.Companion.Desc.Companion_1_Common_Lightning_Single,يطلق قوس برق يسبب <Value> ضرر في الثانية.,Fires a lightning arc that deals <Value> Damage every second.,Tire un arc de foudre infligeant <Value> Dégâts par seconde.,"Verschießt einen Blitzbogen, der <Value> Schaden pro Sekunde verursacht.",1秒ごとに<Value>のダメージを与える雷の弧を発射します。,초당 <Value>의 데미지를 입히는 번개 호를 발사합니다.,Dispara um arco de raio que causa <Value> de Dano por segundo.,Dispara un arco eléctrico que inflige <Value> de Daño por segundo.,Saniyede <Value> hasar veren bir şimşek yayı fırlatır.,Spara un arco di fulmine che infligge <Value> Danni al secondo.
Items.Companion.Desc.Companion_2_Uncommon_Bomber_AOE_Bomb,يطلق انفجاراً يسبب <Value> ضرر منطقة.,Triggers an explosion that deals <Value> Area Damage.,Déclenche une explosion infligeant <Value> Dégâts de Zone.,"Löst eine Explosion aus, die <Value> Flächenschaden verursacht.",<Value>の範囲ダメージを与える爆発を起こします。,<Value>의 광역 데미지를 입히는 폭발을 일으킵니다.,Causa uma explosão que inflige <Value> de Dano em Área.,Desencadena una explosión que inflige <Value> de Daño en Área.,<Value> alan hasarı veren bir patlama tetikler.,Innesca un'esplosione che infligge <Value> Danni ad Area.
Items.Companion.Desc.Companion_2_Uncommon_Heal_Chain,يطلق شعاع شفاء مستمر يعيد <Value> صحة في الثانية.,Fires a continuous healing ray that restores <Value> Health per second.,Émet un rayon de soin continu qui restaure <Value> PV par seconde.,"Sendet einen kontinuierlichen Heilstrahl aus, der <Value> LP pro Sekunde wiederherstellt.",1秒ごとに<Value>のHPを回復する継続的な回復光線を放ちます。,초당 <Value>의 HP를 회복하는 지속 회복 광선을 방출합니다.,Emite um raio curativo contínuo que restaura <Value> de HP por segundo.,Emite un rayo curativo continuo que restaura <Value> de PV por segundo.,Saniyede <Value> can yenileyen sürekli bir iyileştirme ışını yayar.,Emette un raggio curativo continuo che ripristina <Value> PV al secondo.
Items.Companion.Desc.Companion_2_Uncommon_Slow_Single,يطلق كرة جليدية تسبب <Value> ضرر وتُبطئ الهدف بنسبة %<Value>.,Fires an ice ball that deals <Value> Damage and slows the target by <Value>%.,Tire une boule de glace infligeant <Value> Dégâts et ralentit la cible de <Value>%.,"Verschießt eine Eiskugel, die <Value> Schaden verursacht und das Ziel um <Value>% verlangsamt.",氷の球を発射し、<Value>のダメージを与え、対象を<Value>%減速させます。,얼음 구슬을 발사하여 <Value>의 데미지를 입히고 대상을 <Value>% 둔화시킵니다.,Dispara uma bola de gelo que causa <Value> de Dano e reduz a velocidade do alvo em <Value>%.,Dispara una bola de hielo que inflige <Value> de Daño y ralentiza al objetivo un <Value>%.,<Value> hasar veren ve hedefi %<Value> yavaşlatan bir buz topu fırlatır.,Spara una palla di ghiaccio che infligge <Value> Danni e rallenta il bersaglio del <Value>%.
Items.Companion.Desc.Companion_3_Rare_Bomber_AOE_Burn,يطلق انفجاراً يسبب <Value> ضرر منطقة ويحرق الأهداف لمدة <Value> ثانية.,Triggers an explosion that deals <Value> Area Damage and burns targets for <Value> seconds.,Déclenche une explosion infligeant <Value> Dégâts de Zone et brûle les cibles pendant <Value> secondes.,"Löst eine Explosion aus, die <Value> Flächenschaden verursacht und Ziele für <Value> Sekunden verbrennt.",<Value>の範囲ダメージを与え、対象を<Value>秒間燃焼させる爆発を起こします。,<Value>의 광역 데미지를 입히고 대상을 <Value>초간 화상시키는 폭발을 일으킵니다.,Causa uma explosão que inflige <Value> de Dano em Área e queima os alvos por <Value> segundos.,Desencadena una explosión que inflige <Value> de Daño en Área y quema a los objetivos durante <Value> segundos.,<Value> alan hasarı veren ve hedefleri <Value> saniye yakan bir patlama tetikler.,Innesca un'esplosione che infligge <Value> Danni ad Area e brucia i bersagli per <Value> secondi.
Items.Companion.Desc.Companion_3_Rare_Lightning_Multi,يطلق قوس برق يقفز إلى عدة أعداء، مسبباً <Value> ضرر.,"Fires a lightning arc that chains to multiple enemies, dealing <Value> Damage.","Tire un arc de foudre qui ricoche entre plusieurs ennemis, infligeant <Value> Dégâts.","Verschießt einen Blitzbogen, der auf mehrere Gegner überspringt und <Value> Schaden verursacht.",複数の敵に連鎖し、<Value>のダメージを与える雷の弧を発射します。,여러 적에게 연쇄되며 <Value>의 데미지를 입히는 번개 호를 발사합니다.,"Dispara um arco de raio que se propaga entre vários inimigos, causando <Value> de Dano.","Dispara un arco eléctrico que se propaga a varios enemigos, infligiendo <Value> de Daño.",Birden çok düşmana sıçrayan ve <Value> hasar veren bir şimşek yayı fırlatır.,"Spara un arco di fulmine che si propaga tra più nemici, infliggendo <Value> Danni."
Items.Companion.Desc.Companion_3_Rare_Slow_Multi,يطلق كرة جليدية تنقسم لتسبب <Value> ضرر منطقة وتُبطئ الأهداف بنسبة %<Value>.,Fires an ice ball that splits dealing <Value> Area Damage and slows targets by <Value>%.,Tire une boule de glace qui se divise et inflige <Value> Dégâts de Zone et ralentit les cibles de <Value>%.,"Verschießt eine Eiskugel, die sich teilt, <Value> Flächenschaden verursacht und Ziele um <Value>% verlangsamt.",分裂する氷の球を発射し、<Value>の範囲ダメージを与え、対象を<Value>%減速させます。,분열하는 얼음 구슬을 발사하여 <Value>의 광역 데미지를 입히고 대상을 <Value>% 둔화시킵니다.,Dispara uma bola de gelo que se divide causando <Value> de Dano em Área e reduz a velocidade dos alvos em <Value>%.,Dispara una bola de hielo que se divide infligiendo <Value> de Daño en Área y ralentiza a los objetivos un <Value>%.,Parçalanarak <Value> alan hasarı veren ve hedefleri %<Value> yavaşlatan bir buz topu fırlatır.,Spara una palla di ghiaccio che si divide infliggendo <Value> Danni ad Area e rallenta i bersagli del <Value>%.
Items.Companion.Desc.Companion_4_Epic_Beam_Single,يطلق شعاعاً سحرياً مستمراً يسبب <Value> ضرر في الثانية.,Fires a continuous magical beam that deals <Value> Damage per second.,Tire un rayon magique continu infligeant <Value> Dégâts par seconde.,"Verschießt einen kontinuierlichen Magiestrahl, der <Value> Schaden pro Sekunde verursacht.",継続的な魔法の光線を放ち、1秒ごとに<Value>のダメージを与えます。,지속 마법 광선을 발사하여 초당 <Value>의 데미지를 입힙니다.,Dispara um raio mágico contínuo que causa <Value> de Dano por segundo.,Dispara un rayo mágico continuo que inflige <Value> de Daño por segundo.,Saniyede <Value> hasar veren sürekli büyülü bir ışın fırlatır.,Spara un raggio magico continuo che infligge <Value> Danni al secondo.
Items.Companion.Desc.Companion_4_Epic_Guardian_Single,ينشئ هالة شفاء تعيد <Value> صحة في الثانية وتزيد فرصة الصد بنسبة %<Value>.,Creates a healing aura that restores <Value> Health per second and increases Block Chance by <Value>%.,Crée une aura de soin qui restaure <Value> PV par seconde et augmente la Chance de Blocage de <Value>%.,"Erschafft eine Heilaura, die <Value> LP pro Sekunde wiederherstellt und die Blockchance um <Value>% erhöht.",1秒ごとに<Value>のHPを回復し、ブロック率を<Value>%上昇させる回復オーラを生成します。,초당 <Value>의 HP를 회복하고 방어 확률을 <Value>% 증가시키는 회복 오라를 생성합니다.,Cria uma aura curativa que restaura <Value> de HP por segundo e aumenta a Chance de Bloqueio em <Value>%.,Crea un aura curativa que restaura <Value> de PV por segundo y aumenta la Probabilidad de Bloqueo en un <Value>%.,Saniyede <Value> can yenileyen ve Blok Şansını %<Value> artıran iyileştirici bir aura oluşturur.,Crea un'aura curativa che ripristina <Value> PV al secondo e aumenta la Probabilità di Blocco del <Value>%.
Items.Companion.Desc.Companion_4_Epic_Slow_AOE,يطلق كرة ثلج متفجرة تسبب <Value> ضرر منطقة وتُبطئ الأهداف بنسبة %<Value>.,Fires an exploding snowball that deals <Value> Area Damage and slows targets by <Value>%.,Tire une boule de neige explosive infligeant <Value> Dégâts de Zone et ralentit les cibles de <Value>%.,"Verschießt einen explodierenden Schneeball, der <Value> Flächenschaden verursacht und Ziele um <Value>% verlangsamt.",爆発する雪玉を発射し、<Value>の範囲ダメージを与え、対象を<Value>%減速させます。,폭발하는 눈덩이를 발사하여 <Value>의 광역 데미지를 입히고 대상을 <Value>% 둔화시킵니다.,Dispara uma bola de neve explosiva que causa <Value> de Dano em Área e reduz a velocidade dos alvos em <Value>%.,Dispara una bola de nieve explosiva que inflige <Value> de Daño en Área y ralentiza a los objetivos un <Value>%.,<Value> alan hasarı veren ve hedefleri %<Value> yavaşlatan patlayıcı bir kar topu fırlatır.,Spara una palla di neve esplosiva che infligge <Value> Danni ad Area e rallenta i bersagli del <Value>%.
Items.Companion.Desc.Companion_5_Legendary_Blaster,يطلق موجات صوتية تسبب <Value> ضرر منطقة.,Releases sonic waves that deal <Value> Area Damage.,Libère des ondes sonores infligeant <Value> Dégâts de Zone.,"Setzt Schallwellen frei, die <Value> Flächenschaden verursachen.",<Value>の範囲ダメージを与える音波を放ちます。,<Value>의 광역 데미지를 입히는 음파를 방출합니다.,Libera ondas sonoras que causam <Value> de Dano em Área.,Libera ondas sonoras que infligen <Value> de Daño en Área.,<Value> alan hasarı veren ses dalgaları yayar.,Rilascia onde sonore che infliggono <Value> Danni ad Area.
Items.Companion.Desc.Companion_5_Legendary_HealDamage,يطلق قذيفة شبحية تسبب <Value> ضرر وتعود لتعيد <Value> صحة.,Fires a spectral projectile that deals <Value> Damage and returns to restore <Value> Health.,Tire un projectile spectral infligeant <Value> Dégâts et revient pour restaurer <Value> PV.,"Verschießt ein spektrales Geschoss, das <Value> Schaden verursacht und zurückkehrt, um <Value> LP wiederherzustellen.",<Value>のダメージを与え、戻ってきて<Value>のHPを回復する霊体の弾を発射します。,<Value>의 데미지를 입히고 돌아와 <Value>의 HP를 회복하는 영혼 투사체를 발사합니다.,Dispara um projétil espectral que causa <Value> de Dano e retorna para restaurar <Value> de HP.,Dispara un proyectil espectral que inflige <Value> de Daño y regresa para restaurar <Value> de PV.,<Value> hasar veren ve geri dönerek <Value> can yenileyen hayaletimsi bir mermi fırlatır.,Spara un proiettile spettrale che infligge <Value> Danni e ritorna per ripristinare <Value> PV.
Items.Companion.Desc.Companion_5_Legendary_Meteor,يستدعي نيازك من السماء تسبب <Value> ضرر منطقة.,Summons meteors from the sky that deal <Value> Area Damage.,Invoque des météores qui infligent <Value> Dégâts de Zone.,"Beschwört Meteore vom Himmel, die <Value> Flächenschaden verursachen.",空から<Value>の範囲ダメージを与える隕石を召喚します。,하늘에서 <Value>의 광역 데미지를 입히는 운석을 소환합니다.,Invoca meteoros do céu que causam <Value> de Dano em Área.,Invoca meteoritos del cielo que infligen <Value> de Daño en Área.,Gökyüzünden <Value> alan hasarı veren meteorlar çağırır.,Evoca meteore dal cielo che infliggono <Value> Danni ad Area.
Items.Companion.Desc.Companion_6_Divine_Clone,يستدعي نسخة شبحية تملك %<Value> من صحتك تقاتل بجانبك لمدة <Value> ثانية.,Summons a spectral clone possessing  <Value> % of your Health that fights alongside you for <Value> seconds.,Invoque un clone spectral possédant <Value>% de tes PV qui combat à tes côtés pendant <Value> secondes.,"Beschwört einen spektralen Klon mit <Value>% deiner LP, der für <Value> Sekunden an deiner Seite kämpft.",あなたのHPの<Value>%を持つ霊体の分身を召喚し、<Value>秒間共に戦います。,당신의 HP의 <Value>%를 가진 영혼 분신을 소환하여 <Value>초 동안 함께 싸웁니다.,Invoca um clone espectral com <Value>% do seu HP que luta ao seu lado por <Value> segundos.,Invoca un clon espectral con el <Value>% de tus PV que lucha a tu lado durante <Value> segundos.,"Canının %<Value>'una sahip, <Value> saniye boyunca yanında savaşan hayaletimsi bir klon çağırır.",Evoca un clone spettrale con il <Value>% dei tuoi PV che combatte al tuo fianco per <Value> secondi.
Items.Companion.Desc.Companion_6_Divine_HealNova,ينشئ دائرة متألقة تعيد <Value> صحة في الثانية وتسبب <Value> ضرر منطقة للأعداء القريبين.,Creates a radiant circle that restores <Value> Health per second and deals <Value> Area Damage to nearby enemies.,Crée un cercle radieux qui restaure <Value> PV par seconde et inflige <Value> Dégâts de Zone aux ennemis proches.,"Erschafft einen strahlenden Kreis, der <Value> LP pro Sekunde wiederherstellt und nahen Gegnern <Value> Flächenschaden zufügt.",1秒ごとに<Value>のHPを回復し、近くの敵に<Value>の範囲ダメージを与える光輝の円を生成します。,초당 <Value>의 HP를 회복하고 근처 적에게 <Value>의 광역 데미지를 입히는 빛나는 원을 생성합니다.,Cria um círculo radiante que restaura <Value> de HP por segundo e causa <Value> de Dano em Área aos inimigos próximos.,Crea un círculo radiante que restaura <Value> de PV por segundo e inflige <Value> de Daño en Área a enemigos cercanos.,Saniyede <Value> can yenileyen ve yakın düşmanlara <Value> alan hasarı veren parlak bir çember oluşturur.,Crea un cerchio radiante che ripristina <Value> PV al secondo e infligge <Value> Danni ad Area ai nemici vicini.
Items.Companion.Desc.Companion_6_Divine_Immortal,يمنحك الخلود، ويمنع صحتك من الانخفاض دون 1 لمدة <Value> ثانية.,"Blesses you with immortality, preventing your Health from dropping below 1 for <Value> seconds.","Te bénit d'immortalité, empêchant tes PV de descendre sous 1 pendant <Value> secondes.","Segnet dich mit Unsterblichkeit und verhindert für <Value> Sekunden, dass deine LP unter 1 fallen.",<Value>秒間不死身を授け、HPが1未満に下がるのを防ぎます。,<Value>초 동안 불사를 부여하여 HP가 1 미만으로 떨어지는 것을 방지합니다.,"Te abençoa com imortalidade, impedindo seu HP de cair abaixo de 1 por <Value> segundos.","Te bendice con la inmortalidad, evitando que tus PV bajen de 1 durante <Value> segundos.",<Value> saniye boyunca canının 1'in altına düşmesini engelleyen ölümsüzlük bahşeder.,"Ti benedice con l'immortalità, impedendo ai tuoi PV di scendere sotto 1 per <Value> secondi."
Items.Companion.Name.Companion_1_Common_DPS_Single,قبضة الجمر,Ember Fist,Poing Braise,Glutfaust,エンバーフィスト,엠버 피스트,Punho de Brasa,Puño de Brasa,Kor Yumruk,Pugno di Brace
Items.Companion.Name.Companion_1_Common_Heal_Single,صوف سحري,Magic Wool,Laine Magique,Magische Wolle,マジックウール,매직 울,Lã Mágica,Lana Mágica,Sihirli Yün,Lana Magica
Items.Companion.Name.Companion_1_Common_Lightning_Single,فأر الشرر,Spark Mouse,Souris Étincelle,Funkenmaus,スパークマウス,스파크 마우스,Rato Faísca,Ratón Chispa,Kıvılcım Fare,Topo Scintilla
Items.Companion.Name.Companion_2_Uncommon_Bomber_AOE_Bomb,جناح اللهب,Flame Wing,Aile de Flamme,Flammenflügel,フレイムウィング,플레임 윙,Asa Flamejante,Ala Llameante,Alev Kanat,Ala di Fiamma
Items.Companion.Name.Companion_2_Uncommon_Heal_Chain,قرن الحياة,Life Horn,Corne de Vie,Lebenshorn,ライフホーン,라이프 혼,Chifre Vital,Cuerno Vital,Yaşam Boynuz,Corno della Vita
Items.Companion.Name.Companion_2_Uncommon_Slow_Single,ناب الثلج,Snow Fang,Croc de Neige,Schneezahn,スノーファング,스노우 팽,Presa de Neve,Colmillo de Nieve,Kar Diş,Zanna di Neve
Items.Companion.Name.Companion_3_Rare_Bomber_AOE_Burn,ذيل اللهيب,Blaze Tail,Queue de Brasier,Lohenschweif,ブレイズテイル,블레이즈 테일,Cauda Ardente,Cola Ardiente,Yangın Kuyruk,Coda di Fiamma
Items.Companion.Name.Companion_3_Rare_Lightning_Multi,عين العاصفة,Storm Eye,Œil de Tempête,Sturmauge,ストームアイ,스톰 아이,Olho da Tempestade,Ojo de Tormenta,Fırtına Gözü,Occhio di Tempesta
Items.Companion.Name.Companion_3_Rare_Slow_Multi,مخلب الصقيع,Frost Claw,Griffe de Givre,Frostkralle,フロストクロウ,프로스트 클로,Garra de Geada,Garra de Escarcha,Don Pençe,Artiglio di Gelo
Items.Companion.Name.Companion_4_Epic_Beam_Single,كف الغموض,Arcane Paw,Patte Arcane,Arkane Pfote,アーケインポウ,아케인 포,Pata Arcana,Pata Arcana,Gizem Pati,Zampa Arcana
Items.Companion.Name.Companion_4_Epic_Guardian_Single,جذر الحياة,Vital Root,Racine Vitale,Vitalwurzel,ヴァイタルルート,바이탈 루트,Raiz Vital,Raíz Vital,Yaşam Kök,Radice Vitale
Items.Companion.Name.Companion_4_Epic_Slow_AOE,قبضة جليدية,Glacier Fist,Poing de Glacier,Gletscherfaust,グレイシャーフィスト,글래시어 피스트,Punho de Geleira,Puño de Glaciar,Buzul Yumruk,Pugno del Ghiacciaio
Items.Companion.Name.Companion_5_Legendary_Blaster,جناح الصدى,Echo Wing,Aile d'Écho,Echoflügel,エコーウィング,에코 윙,Asa de Eco,Ala de Eco,Yankı Kanat,Ala dell'Eco
Items.Companion.Name.Companion_5_Legendary_HealDamage,نظرة الشبح,Phantom Gaze,Regard Fantôme,Phantomblick,ファントムゲイズ,팬텀 게이즈,Olhar Fantasma,Mirada Fantasma,Hayalet Bakış,Sguardo Spettrale
Items.Companion.Name.Companion_5_Legendary_Meteor,ريش النجم,Star Feather,Plume d'Étoile,Sternenfeder,スターフェザー,스타 페더,Pluma Estelar,Pluma Estelar,Yıldız Tüy,Piuma Stellare
Items.Companion.Name.Companion_6_Divine_Clone,أرنب الهالة,Halo Hare,Lièvre Auréolé,Heiligenschein-Hase,ヘイローヘア,헤일로 헤어,Lebre Auréola,Liebre Aureolada,Hale Tavşan,Lepre Aureolata
Items.Companion.Name.Companion_6_Divine_HealNova,مخلب متألق,Radiant Talon,Serre Radieuse,Strahlende Klaue,ラディアントタロン,래디언트 탤런,Garra Radiante,Garra Radiante,Parlak Pençe,Artiglio Radiante
Items.Companion.Name.Companion_6_Divine_Immortal,عقل سماوي,Celestial Mind,Esprit Céleste,Himmlischer Geist,セレスティアルマインド,셀레스티얼 마인드,Mente Celestial,Mente Celestial,Semavi Akıl,Mente Celeste
Items.Dungeon.Name.Cultist,السرداب المظلم,Cultist Ritual,Rituel des Cultistes,Kultisten-Ritual,カルティストの儀式,광신도 의식,Ritual dos Cultistas,Ritual de Cultistas,Karanlık Zindan,Rituale dei Cultisti
Items.Dungeon.Name.DragonBoss,كنز التنين,Dragon's Hoard,Trésor du Dragon,Drachenhort,ドラゴンの宝,드래곤의 보물,Tesouro do Dragão,Tesoro del Dragón,Ejderha Hazinesi,Tesoro del Drago
Items.Dungeon.Name.ZombieHorde,تفشي الزومبي,Zombie Outbreak,Épidémie de Zombies,Zombie-Ausbruch,ゾンビアウトブレイク,좀비 아웃브레이크,Surto Zumbi,Brote Zombi,Zombi Salgını,Epidemia di Zombie
Items.Gloves.Name.10,لفافات يد,Hand Wraps,Bandes de Mains,Handwickel,ハンドラップ,핸드 랩,Faixas de Mão,Vendas de Mano,El Sargısı,Fasce per Mani
Items.Gloves.Name.1004,قفازات الزومبي,Zombie Gloves,Gants de Zombie,Zombie-Handschuhe,ゾンビグローブ,좀비 글러브,Luvas Zumbi,Guantes Zombi,Zombi Eldiveni,Guanti Zombie
Items.Gloves.Name.1014,قفاز,Glove,Gant,Handschuh,グローブ,글러브,Luva,Guante,Eldiven,Guanto
Items.Gloves.Name.1015,قفاز,Glove,Gant,Handschuh,グローブ,글러브,Luva,Guante,Eldiven,Guanto
Items.Gloves.Name.1016,خربشة,Doodle,Gribouillage,Kritzelei,ドゥードル,두들,Rabisco,Garabato,Karalama,Scarabocchio
Items.Gloves.Name.1071,قفازات جلدية,Leather Gloves,Gants en Cuir,Lederhandschuhe,レザーグローブ,레더 글러브,Luvas de Couro,Guantes de Cuero,Deri Eldiven,Guanti di Cuoio
Items.Gloves.Name.1093,قفازات حديدية,Iron Gloves,Gants en Fer,Eisenhandschuhe,アイアングローブ,아이언 글러브,Luvas de Ferro,Guantes de Hierro,Demir Eldiven,Guanti di Ferro
Items.Gloves.Name.1094,قفازات الخيّال,Rider Gloves,Gants de Cavalier,Reiter-Handschuhe,ライダーグローブ,라이더 글러브,Luvas de Cavaleiro,Guantes de Jinete,Binici Eldiveni,Guanti del Cavaliere
Items.Gloves.Name.1114,زرد يد حديدي,Iron Gauntlets,Gantelets en Fer,Eisen-Stulpen,アイアンガントレット,아이언 건틀릿,Manoplas de Ferro,Guanteletes de Hierro,Demir Zırh Eldiveni,Guantoni di Ferro
Items.Gloves.Name.1115,واقي يد برتقالي,Orange Mittens,Moufles Orange,Orange Fäustlinge,オレンジミトン,오렌지 미튼,Mitenes Laranjas,Manoplas Naranjas,Turuncu El Koruyucu,Manopole Arancioni
Items.Gloves.Name.1134,قفازات ثقيلة,Heavy Gloves,Gants Lourds,Schwere Handschuhe,ヘビーグローブ,헤비 글러브,Luvas Pesadas,Guantes Pesados,Ağır Eldiven,Guanti Pesanti
Items.Gloves.Name.1152,زرد يد ثقيل,Heavy Gauntlets,Gantelets Lourds,Schwere Stulpen,ヘビーガントレット,헤비 건틀릿,Manoplas Pesadas,Guanteletes Pesados,Ağır Zırh Eldiveni,Guantoni Pesanti
Items.Gloves.Name.1168,قفازات التمبلر,Templar Gloves,Gants Templiers,Templer-Handschuhe,テンプラーグローブ,템플러 글러브,Luvas Templárias,Guantes Templarios,Tapınakçı Eldiveni,Guanti Templari
Items.Gloves.Name.1169,قفازات الفارس,Knight Gloves,Gants de Chevalier,Ritter-Handschuhe,ナイトグローブ,나이트 글러브,Luvas de Cavaleiro,Guantes de Caballero,Şövalye Eldiveni,Guanti del Cavaliere
Items.Gloves.Name.1275,قفازات خشنة,Hide Gloves,Gants en Cuir Brut,Fellhandschuhe,ハイドグローブ,하이드 글러브,Luvas de Couro Cru,Guantes de Cuero Crudo,Post Eldiven,Guanti di Pelle Grezza
Items.Gloves.Name.1303,قفازات روحانية,Mystic Gloves,Gants Mystiques,Mystische Handschuhe,ミスティックグローブ,미스틱 글러브,Luvas Místicas,Guantes Místicos,Mistik Eldiven,Guanti Mistici
Items.Gloves.Name.1304,قفازات الساحر,Mage Gloves,Gants de Mage,Magier-Handschuhe,メイジグローブ,메이지 글러브,Luvas de Mago,Guantes de Mago,Sihirbaz Eldiveni,Guanti del Mago
Items.Gloves.Name.1305,قفازات الغموض,Arcane Gloves,Gants Arcanes,Arkane Handschuhe,アーケイングローブ,아케인 글러브,Luvas Arcanas,Guantes Arcanos,Gizemli Eldiven,Guanti Arcani
Items.Gloves.Name.1306,قفازات بلورية,Crystal Gloves,Gants en Cristal,Kristall-Handschuhe,クリスタルグローブ,크리스탈 글러브,Luvas de Cristal,Guantes de Cristal,Kristal Eldiven,Guanti di Cristallo
Items.Gloves.Name.1307,قفازات برية,Wild Gloves,Gants Sauvages,Wilde Handschuhe,ワイルドグローブ,와일드 글러브,Luvas Selvagens,Guantes Salvajes,Vahşi Eldiven,Guanti Selvaggi
Items.Gloves.Name.1308,قفازات الدرويد,Druidic Gloves,Gants Druidiques,Druidische Handschuhe,ドルイドグローブ,드루이드 글러브,Luvas Druídicas,Guantes Druídicos,Druid Eldiveni,Guanti Druidici
Items.Gloves.Name.1309,قفازات مقدسة,Sacred Gloves,Gants Sacrés,Heilige Handschuhe,セイクリッドグローブ,세이크리드 글러브,Luvas Sagradas,Guantes Sagrados,Mukaddes Eldiven,Guanti Sacri
Items.Gloves.Name.1310,قفازات الخضرة,Verdant Gloves,Gants Verdoyants,Grünende Handschuhe,ヴァーダントグローブ,버던트 글러브,Luvas Verdejantes,Guantes Verdeantes,Yeşil Eldiven,Guanti Verdeggianti
Items.Gloves.Name.1346,قفازات شتوية,Winter Gloves,Gants d'Hiver,Winter-Handschuhe,ウィンターグローブ,윈터 글러브,Luvas de Inverno,Guantes de Invierno,Kış Eldiveni,Guanti Invernali
Items.Gloves.Name.1347,قفازات الصقيع,Frost Gloves,Gants de Givre,Frost-Handschuhe,フロストグローブ,프로스트 글러브,Luvas de Geada,Guantes de Escarcha,Don Eldiveni,Guanti di Gelo
Items.Gloves.Name.1348,قفازات باردة,Chill Gloves,Gants Glaçants,Eiskalte Handschuhe,チルグローブ,칠 글러브,Luvas Gélidas,Guantes Gélidos,Soğuk Eldiven,Guanti Gelidi
Items.Gloves.Name.1349,قفازات الجليد,Ice Gloves,Gants de Glace,Eis-Handschuhe,アイスグローブ,아이스 글러브,Luvas de Gelo,Guantes de Hielo,Buz Eldiven,Guanti di Ghiaccio
Items.Gloves.Name.1366,قفازات الزومبي,Zombie Gloves,Gants de Zombie,Zombie-Handschuhe,ゾンビグローブ,좀비 글러브,Luvas Zumbi,Guantes Zombi,Zombi Eldiveni,Guanti Zombie
Items.Gloves.Name.1369,قفازات الزومبي,Zombie Gloves,Gants de Zombie,Zombie-Handschuhe,ゾンビグローブ,좀비 글러브,Luvas Zumbi,Guantes Zombi,Zombi Eldiveni,Guanti Zombie
Items.Gloves.Name.1372,قفازات الزومبي,Zombie Gloves,Gants de Zombie,Zombie-Handschuhe,ゾンビグローブ,좀비 글러브,Luvas Zumbi,Guantes Zombi,Zombi Eldiveni,Guanti Zombie
Items.Gloves.Name.1375,قفازات الزومبي,Zombie Gloves,Gants de Zombie,Zombie-Handschuhe,ゾンビグローブ,좀비 글러브,Luvas Zumbi,Guantes Zombi,Zombi Eldiveni,Guanti Zombie
Items.Gloves.Name.1378,قفازات الزومبي,Zombie Gloves,Gants de Zombie,Zombie-Handschuhe,ゾンビグローブ,좀비 글러브,Luvas Zumbi,Guantes Zombi,Zombi Eldiveni,Guanti Zombie
Items.Gloves.Name.1381,قفازات الزومبي,Zombie Gloves,Gants de Zombie,Zombie-Handschuhe,ゾンビグローブ,좀비 글러브,Luvas Zumbi,Guantes Zombi,Zombi Eldiveni,Guanti Zombie
Items.Gloves.Name.1384,قفازات الزومبي,Zombie Gloves,Gants de Zombie,Zombie-Handschuhe,ゾンビグローブ,좀비 글러브,Luvas Zumbi,Guantes Zombi,Zombi Eldiveni,Guanti Zombie
Items.Gloves.Name.1387,قفازات الزومبي,Zombie Gloves,Gants de Zombie,Zombie-Handschuhe,ゾンビグローブ,좀비 글러브,Luvas Zumbi,Guantes Zombi,Zombi Eldiveni,Guanti Zombie
Items.Gloves.Name.1390,قفازات الزومبي,Zombie Gloves,Gants de Zombie,Zombie-Handschuhe,ゾンビグローブ,좀비 글러브,Luvas Zumbi,Guantes Zombi,Zombi Eldiveni,Guanti Zombie
Items.Gloves.Name.1393,قفازات الزومبي,Zombie Gloves,Gants de Zombie,Zombie-Handschuhe,ゾンビグローブ,좀비 글러브,Luvas Zumbi,Guantes Zombi,Zombi Eldiveni,Guanti Zombie
Items.Gloves.Name.1400,قفازات قرمزية,Crimson Gloves,Gants Cramoisis,Karmesin-Handschuhe,クリムゾングローブ,크림슨 글러브,Luvas Carmesins,Guantes Carmesíes,Kızıl Eldiven,Guanti Cremisi
Items.Gloves.Name.1401,قفازات الدم,Blood Gloves,Gants de Sang,Bluthandschuhe,ブラッドグローブ,블러드 글러브,Luvas de Sangue,Guantes de Sangre,Kan Eldiveni,Guanti di Sangue
Items.Gloves.Name.1402,قفازات الرعب,Dread Gloves,Gants d'Effroi,Schreckens-Handschuhe,ドレッドグローブ,드레드 글러브,Luvas do Pavor,Guantes de Pavor,Korku Eldiveni,Guanti del Terrore
Items.Gloves.Name.1403,قفازات الطاغية,Tyrant Gloves,Gants de Tyran,Tyrannen-Handschuhe,タイラントグローブ,타이런트 글러브,Luvas de Tirano,Guantes de Tirano,Zalim Eldiveni,Guanti del Tiranno
Items.Gloves.Name.1404,قفازات إلهية,Divine Gloves,Gants Divins,Göttliche Handschuhe,ディヴァイングローブ,디바인 글러브,Luvas Divinas,Guantes Divinos,İlahi Eldiven,Guanti Divini
Items.Gloves.Name.1405,قفازات الكهنوت,Holy Gloves,Gants Saints,Geweihte Handschuhe,ホーリーグローブ,홀리 글러브,Luvas Santas,Guantes Santos,Kutsal Eldiven,Guanti Santi
Items.Gloves.Name.1406,قفازات متألقة,Radiant Gloves,Gants Radieux,Strahlende Handschuhe,ラディアントグローブ,래디언트 글러브,Luvas Radiantes,Guantes Radiantes,Parlak Eldiven,Guanti Radianti
Items.Gloves.Name.1407,قفازات سماوية,Celestial Gloves,Gants Célestes,Himmlische Handschuhe,セレスティアルグローブ,셀레스티얼 글러브,Luvas Celestiais,Guantes Celestiales,Semavi Eldiven,Guanti Celesti
Items.Gloves.Name.21,قفازات المزارع,Farm Gloves,Gants de Fermier,Bauern-Handschuhe,ファームグローブ,팜 글러브,Luvas de Fazendeiro,Guantes de Granjero,Çiftçi Eldiveni,Guanti del Contadino
Items.Gloves.Name.22,قفازات المتشرد,Vagabond Gloves,Gants de Vagabond,Vagabunden-Handschuhe,ヴァガボンドグローブ,배가본드 글러브,Luvas de Vagabundo,Guantes de Vagabundo,Serseri Eldiveni,Guanti del Vagabondo
Items.Gloves.Name.23,قفازات برتقالية,Orange Gloves,Gants Orange,Orange Handschuhe,オレンジグローブ,오렌지 글러브,Luvas Laranjas,Guantes Naranjas,Turuncu Eldiven,Guanti Arancioni
Items.Gloves.Name.24,قفازات فولاذية,Steel Gloves,Gants en Acier,Stahlhandschuhe,スチールグローブ,스틸 글러브,Luvas de Aço,Guantes de Acero,Çelik Eldiven,Guanti d'Acciaio
Items.Gloves.Name.5,معاصم خشنة,Hide Bracers,Brassards en Cuir Brut,Fell-Armschienen,ハイドブレーサー,하이드 브레이서,Braceletes de Couro Cru,Brazaletes de Cuero Crudo,Post Bileklik,Bracciali di Pelle Grezza
Items.Gloves.Name.51,واقي يد الرامي,Archer Mittens,Moufles d'Archer,Bogenschützen-Fäustlinge,アーチャーミトン,아처 미튼,Mitenes de Arqueiro,Manoplas de Arquero,Okçu El Koruyucu,Manopole dell'Arciere
Items.Gloves.Name.52,قفازات الرامي,Archer Gloves,Gants d'Archer,Bogenschützen-Handschuhe,アーチャーグローブ,아처 글러브,Luvas de Arqueiro,Guantes de Arquero,Okçu Eldiveni,Guanti dell'Arciere
Items.Gloves.Name.53,زرد يد قرمزي,Crimson Gauntlets,Gantelets Cramoisis,Karmesin-Stulpen,クリムゾンガントレット,크림슨 건틀릿,Manoplas Carmesins,Guanteletes Carmesíes,Kızıl Zırh Eldiveni,Guantoni Cremisi
Items.Gloves.Name.54,قفازات قرمزية,Crimson Gloves,Gants Cramoisis,Karmesin-Handschuhe,クリムゾングローブ,크림슨 글러브,Luvas Carmesins,Guantes Carmesíes,Kızıl Eldiven,Guanti Cremisi
Items.Gloves.Name.999,قفازات الزومبي,Zombie Gloves,Gants de Zombie,Zombie-Handschuhe,ゾンビグローブ,좀비 글러브,Luvas Zumbi,Guantes Zombi,Zombi Eldiveni,Guanti Zombie
Items.Helmet.Name.1000,خوذة الزومبي,Zombie Helmet,Casque de Zombie,Zombie-Helm,ゾンビヘルメット,좀비 헬멧,Capacete Zumbi,Casco Zombi,Zombi Miğferi,Elmo Zombie
Items.Helmet.Name.1005,خوذة الزومبي,Zombie Helmet,Casque de Zombie,Zombie-Helm,ゾンビヘルメット,좀비 헬멧,Capacete Zumbi,Casco Zombi,Zombi Miğferi,Elmo Zombie
Items.Helmet.Name.1184,قبعة فلاح,Peasant Hat,Chapeau de Paysan,Bauernhut,ピーザントハット,페전트 햇,Chapéu de Camponês,Sombrero de Campesino,Köylü Şapkası,Cappello del Contadino
Items.Helmet.Name.1198,قبعة قش,Straw Hat,Chapeau de Paille,Strohhut,ストローハット,스트로 햇,Chapéu de Palha,Sombrero de Paja,Hasır Şapka,Cappello di Paglia
Items.Helmet.Name.1210,خوذة بسيطة,Simple Helmet,Casque Simple,Einfacher Helm,シンプルヘルメット,심플 헬멧,Capacete Simples,Casco Simple,Basit Miğfer,Elmo Semplice
Items.Helmet.Name.1221,عباءة الفايكنج,Viking Cape,Cape Viking,Wikinger-Umhang,ヴァイキングケープ,바이킹 케이프,Manto Viking,Capa Vikinga,Viking Pelerini,Mantello Vichingo
Items.Helmet.Name.1229,خوذة الجندي,Soldier Helmet,Casque de Soldat,Soldaten-Helm,ソルジャーヘルメット,솔저 헬멧,Capacete de Soldado,Casco de Soldado,Asker Miğferi,Elmo del Soldato
Items.Helmet.Name.1230,عباءة الرامي,Archer Cape,Cape d'Archer,Bogenschützen-Umhang,アーチャーケープ,아처 케이프,Manto de Arqueiro,Capa de Arquero,Okçu Pelerini,Mantello dell'Arciere
Items.Helmet.Name.1233,خوذة الفايكنج,Viking Helmet,Casque Viking,Wikinger-Helm,ヴァイキングヘルメット,바이킹 헬멧,Capacete Viking,Casco Vikingo,Viking Miğferi,Elmo Vichingo
Items.Helmet.Name.1240,قبعة الحكيم,Wizard Hat,Chapeau de Sorcier,Zauberer-Hut,ウィザードハット,위저드 햇,Chapéu de Bruxo,Sombrero de Brujo,Büyücü Şapkası,Cappello dello Stregone
Items.Helmet.Name.1246,خوذة التمبلر,Templar Helmet,Casque Templier,Templer-Helm,テンプラーヘルメット,템플러 헬멧,Capacete Templário,Casco Templario,Tapınakçı Miğferi,Elmo Templare
Items.Helmet.Name.1276,قبعة القنّاص,Marksman Hat,Chapeau de Tireur,Schützen-Hut,マークスマンハット,마크스맨 햇,Chapéu de Atirador,Sombrero de Tirador,Nişancı Şapkası,Cappello del Tiratore
Items.Helmet.Name.1311,قبعة الرامي,Archer Hat,Chapeau d'Archer,Bogenschützen-Hut,アーチャーハット,아처 햇,Chapéu de Arqueiro,Sombrero de Arquero,Okçu Şapkası,Cappello dell'Arciere
Items.Helmet.Name.1312,قبعة الساحر,Mage Hat,Chapeau de Mage,Magier-Hut,メイジハット,메이지 햇,Chapéu de Mago,Sombrero de Mago,Sihirbaz Şapkası,Cappello del Mago
Items.Helmet.Name.1313,عباءة الكاهن,Sorcerer Cape,Cape de Sorcier,Hexenmeister-Umhang,ソーサラーケープ,소서러 케이프,Manto de Feiticeiro,Capa de Hechicero,Büyücü Pelerini,Mantello dello Stregone
Items.Helmet.Name.1314,خوذة الغموض,Arcane Helmet,Casque Arcane,Arkaner Helm,アーケインヘルメット,아케인 헬멧,Capacete Arcano,Casco Arcano,Gizemli Miğfer,Elmo Arcano
Items.Helmet.Name.1315,قبعة الحكيم,Wizard Hat,Chapeau de Sorcier,Zauberer-Hut,ウィザードハット,위저드 햇,Chapéu de Bruxo,Sombrero de Brujo,Büyücü Şapkası,Cappello dello Stregone
Items.Helmet.Name.1316,عباءة الدرويد,Druidic Cape,Cape Druidique,Druidischer Umhang,ドルイドケープ,드루이드 케이프,Manto Druídico,Capa Druídica,Druid Pelerini,Mantello Druidico
Items.Helmet.Name.1317,خوذة الإلف,Elven Helmet,Casque Elfique,Elfenhelm,エルブンヘルメット,엘븐 헬멧,Capacete Élfico,Casco Élfico,Elf Miğferi,Elmo Elfico
Items.Helmet.Name.1318,قبعة الدرويد,Druid Hat,Chapeau de Druide,Druiden-Hut,ドルイドハット,드루이드 햇,Chapéu de Druida,Sombrero de Druida,Druid Şapkası,Cappello del Druido
Items.Helmet.Name.1319,خوذة الخضرة,Verdant Helmet,Casque Verdoyant,Grünender Helm,ヴァーダントヘルメット,버던트 헬멧,Capacete Verdejante,Casco Verdeante,Yeşil Miğfer,Elmo Verdeggiante
Items.Helmet.Name.1350,تاج جليدي,Glacial Tiara,Tiare Glaciale,Gletscher-Tiara,グレイシャルティアラ,글래시얼 티아라,Tiara Glacial,Tiara Glacial,Buzul Tacı,Tiara Glaciale
Items.Helmet.Name.1351,خوذة الصقيع,Frost Helmet,Casque de Givre,Frost-Helm,フロストヘルメット,프로스트 헬멧,Capacete de Geada,Casco de Escarcha,Don Miğferi,Elmo di Gelo
Items.Helmet.Name.1352,خوذة الجليد,Ice Helmet,Casque de Glace,Eis-Helm,アイスヘルメット,아이스 헬멧,Capacete de Gelo,Casco de Hielo,Buz Miğferi,Elmo di Ghiaccio
Items.Helmet.Name.1353,عباءة باردة,Chill Cape,Cape Glaçante,Eiskalter Umhang,チルケープ,칠 케이프,Manto Gélido,Capa Gélida,Soğuk Pelerin,Mantello Gelido
Items.Helmet.Name.1367,خوذة الزومبي,Zombie Helmet,Casque de Zombie,Zombie-Helm,ゾンビヘルメット,좀비 헬멧,Capacete Zumbi,Casco Zombi,Zombi Miğferi,Elmo Zombie
Items.Helmet.Name.1370,خوذة الزومبي,Zombie Helmet,Casque de Zombie,Zombie-Helm,ゾンビヘルメット,좀비 헬멧,Capacete Zumbi,Casco Zombi,Zombi Miğferi,Elmo Zombie
Items.Helmet.Name.1373,خوذة الزومبي,Zombie Helmet,Casque de Zombie,Zombie-Helm,ゾンビヘルメット,좀비 헬멧,Capacete Zumbi,Casco Zombi,Zombi Miğferi,Elmo Zombie
Items.Helmet.Name.1376,خوذة الزومبي,Zombie Helmet,Casque de Zombie,Zombie-Helm,ゾンビヘルメット,좀비 헬멧,Capacete Zumbi,Casco Zombi,Zombi Miğferi,Elmo Zombie
Items.Helmet.Name.1379,خوذة الزومبي,Zombie Helmet,Casque de Zombie,Zombie-Helm,ゾンビヘルメット,좀비 헬멧,Capacete Zumbi,Casco Zombi,Zombi Miğferi,Elmo Zombie
Items.Helmet.Name.1382,خوذة الزومبي,Zombie Helmet,Casque de Zombie,Zombie-Helm,ゾンビヘルメット,좀비 헬멧,Capacete Zumbi,Casco Zombi,Zombi Miğferi,Elmo Zombie
Items.Helmet.Name.1385,خوذة الزومبي,Zombie Helmet,Casque de Zombie,Zombie-Helm,ゾンビヘルメット,좀비 헬멧,Capacete Zumbi,Casco Zombi,Zombi Miğferi,Elmo Zombie
Items.Helmet.Name.1388,خوذة الزومبي,Zombie Helmet,Casque de Zombie,Zombie-Helm,ゾンビヘルメット,좀비 헬멧,Capacete Zumbi,Casco Zombi,Zombi Miğferi,Elmo Zombie
Items.Helmet.Name.1391,خوذة الزومبي,Zombie Helmet,Casque de Zombie,Zombie-Helm,ゾンビヘルメット,좀비 헬멧,Capacete Zumbi,Casco Zombi,Zombi Miğferi,Elmo Zombie
Items.Helmet.Name.1394,خوذة الزومبي,Zombie Helmet,Casque de Zombie,Zombie-Helm,ゾンビヘルメット,좀비 헬멧,Capacete Zumbi,Casco Zombi,Zombi Miğferi,Elmo Zombie
Items.Helmet.Name.14,عباءة فلاح,Peasant Cape,Cape de Paysan,Bauern-Umhang,ピーザントケープ,페전트 케이프,Manto de Camponês,Capa de Campesino,Köylü Pelerini,Mantello del Contadino
Items.Helmet.Name.1408,خوذة الرعب,Dread Helm,Heaume d'Effroi,Schreckens-Helm,ドレッドヘルム,드레드 헬름,Elmo do Pavor,Yelmo de Pavor,Korku Miğferi,Elmo del Terrore
Items.Helmet.Name.1409,عباءة جهنمية,Infernal Cape,Cape Infernale,Höllen-Umhang,インファーナルケープ,인페르날 케이프,Manto Infernal,Capa Infernal,Cehennem Pelerini,Mantello Infernale
Items.Helmet.Name.1410,خوذة الطاغية,Tyrant Helmet,Casque de Tyran,Tyrannen-Helm,タイラントヘルメット,타이런트 헬멧,Capacete de Tirano,Casco de Tirano,Zalim Miğferi,Elmo del Tiranno
Items.Helmet.Name.1411,قناع الخالد,Undying Mask,Masque Mort-Vivant,Untote Maske,アンダイングマスク,언다잉 마스크,Máscara Imortal,Máscara Imperecedera,Ölmez Maske,Maschera Immortale
Items.Helmet.Name.1412,تاج مُبارك,Blessed Tiara,Tiare Bénie,Gesegnete Tiara,ブレスドティアラ,블레스드 티아라,Tiara Abençoada,Tiara Bendita,Kutsanmış Taç,Tiara Benedetta
Items.Helmet.Name.1413,خوذة سماوية,Celestial Helmet,Casque Céleste,Himmlischer Helm,セレスティアルヘルメット,셀레스티얼 헬멧,Capacete Celestial,Casco Celestial,Semavi Miğfer,Elmo Celeste
Items.Helmet.Name.1414,عباءة أبدية,Eternal Cape,Cape Éternelle,Ewiger Umhang,エターナルケープ,이터널 케이프,Manto Eterno,Capa Eterna,Ebedi Pelerin,Mantello Eterno
Items.Helmet.Name.1415,خوذة شمسية,Solar Helmet,Casque Solaire,Sonnen-Helm,ソーラーヘルメット,솔라 헬멧,Capacete Solar,Casco Solar,Güneş Miğferi,Elmo Solare
Items.Helmet.Name.25,عباءة جلدية,Leather Cape,Cape en Cuir,Lederumhang,レザーケープ,레더 케이프,Manto de Couro,Capa de Cuero,Deri Pelerin,Mantello di Cuoio
Items.Helmet.Name.26,خوذة مستديرة,Round Helmet,Casque Rond,Runder Helm,ラウンドヘルメット,라운드 헬멧,Capacete Redondo,Casco Redondo,Yuvarlak Miğfer,Elmo Rotondo
Items.Helmet.Name.27,قرون الفايكنج,Viking Horns,Cornes Vikings,Wikinger-Hörner,ヴァイキングホーン,바이킹 혼,Chifres Vikings,Cuernos Vikingos,Viking Boynuzları,Corna Vichinghe
Items.Helmet.Name.28,قبعة الفايكنج,Viking Hat,Chapeau Viking,Wikinger-Hut,ヴァイキングハット,바이킹 햇,Chapéu Viking,Sombrero Vikingo,Viking Şapkası,Cappello Vichingo
Items.Helmet.Name.4,قلنسوة فلاح,Peasant Cap,Coiffe de Paysan,Bauernkappe,ピーザントキャップ,페전트 캡,Touca de Camponês,Gorro de Campesino,Köylü Başlığı,Berretto del Contadino
Items.Helmet.Name.48,خوذة الفارس,Knight Helmet,Casque de Chevalier,Ritter-Helm,ナイトヘルメット,나이트 헬멧,Capacete de Cavaleiro,Casco de Caballero,Şövalye Miğferi,Elmo del Cavaliere
Items.Helmet.Name.49,عباءة ملكية,Royal Cape,Cape Royale,Königlicher Umhang,ロイヤルケープ,로열 케이프,Manto Real,Capa Real,Kraliyet Pelerini,Mantello Reale
Items.Helmet.Name.50,خوذة المرافق,Squire Helmet,Casque d'Écuyer,Knappen-Helm,スクワイアヘルメット,스콰이어 헬멧,Capacete de Escudeiro,Casco de Escudero,Silahtar Miğferi,Elmo dello Scudiero
Items.Mastery.Desc.AdBoostDuration,يمدد المدة الفعالة لمعزز الخبرة.,Extends the active duration of Experience Boost.,Prolonge la durée active du Boost d'Expérience.,Verlängert die aktive Dauer des Erfahrungs-Boosts.,経験値ブーストの有効時間を延長します。,경험치 부스트의 활성 시간을 연장합니다.,Estende a duração ativa do Boost de Experiência.,Extiende la duración activa del Boost de Experiencia.,Deneyim Hızlandırmasının aktif süresini uzatır.,Estende la durata attiva del Boost Esperienza.
Items.Mastery.Desc.AdBoostWorth,يزيد مقدار مضاعف الخبرة المكتسب من المعززات.,Increases the amount of experience multiplier gained from boosts.,Augmente le multiplicateur d'expérience obtenu via les boosts.,Erhöht den Erfahrungs-Multiplikator durch Boosts.,ブーストから得られる経験値倍率を増加させます。,부스트로 얻는 경험치 배율을 증가시킵니다.,Aumenta o multiplicador de experiência obtido pelos boosts.,Aumenta el multiplicador de experiencia obtenido por los boosts.,Hızlandırmalardan elde edilen deneyim çarpanını artırır.,Aumenta il moltiplicatore di esperienza ottenuto dai boost.
Items.Mastery.Desc.AutoLootHammerCount,يزيد عدد صناديق الغنائم التي يتم فتحها في وقت واحد في الوضع التلقائي.,Increases the number of loot boxes opened simultaneously in Auto Mode.,Augmente le nombre de coffres à butin ouverts simultanément en mode automatique.,Erhöht die Anzahl der gleichzeitig im Automatikmodus geöffneten Lootboxen.,自動モードで同時に開けられるルートボックスの数を増やします。,자동 모드에서 동시에 열리는 전리품 상자의 수를 늘립니다.,Aumenta o número de caixas de itens abertas simultaneamente no Modo Automático.,Aumenta el número de cajas de botín que se abren simultáneamente en el modo automático.,Otomatik Modda aynı anda açılan kutu sayısını artırır.,Aumenta il numero di casse premio aperte simultaneamente in modalità automatica.
Items.Mastery.Desc.CompanionSummonCount,يزيد عدد المرافقين الذين يظهرون في كل استدعاء.,Increases the number of companions appearing per summon.,Augmente le nombre de compagnons apparaissant par invocation.,"Erhöht die Anzahl der Begleiter, die pro Beschwörung erscheinen.",召喚時に出現する仲間の数を増加させます。,소환 시 나타나는 동료의 수를 증가시킵니다.,Aumenta o número de companheiros que aparecem por invocação.,Aumenta el número de compañeros que aparecen por cada invocación.,Her çağırmada çıkan yoldaş sayısını artırır.,Aumenta il numero di compagni che compaiono per ogni evocazione.
Items.Mastery.Desc.ForgeMaxItemLevel,يزيد الحد الأقصى لمستوى العناصر التي يمكنك الحصول عليها.,Increases the maximum level of items you can find.,Augmente le niveau maximum des objets que vous pouvez obtenir.,"Erhöht die maximale Stufe der Gegenstände, die du finden kannst.",入手できるアイテムの最大レベルを上げる。,획득할 수 있는 아이템의 최대 레벨을 높입니다.,Aumenta o nível máximo dos itens que você pode obter.,Aumenta el nivel máximo de los objetos que puedes obtener.,Bulabileceğin eşyaların maksimum seviyesini artırır.,Aumenta il livello massimo degli oggetti che puoi ottenere.
Items.Mastery.Desc.GemOfferChance,يزيد احتمالية إيجاد الجواهر في صناديق العرض.,Increases the probability of finding Gems in Offer Chests.,Augmente la probabilité de trouver des Gemmes dans les Coffres d'Offre.,"Erhöht die Wahrscheinlichkeit, Edelsteine in Angebots-Truhen zu finden.",オファーチェストでジェムを発見する確率を増加させます。,오퍼 상자에서 젬을 발견할 확률을 증가시킵니다.,Aumenta a probabilidade de encontrar Gemas nas Caixas de Oferta.,Aumenta la probabilidad de encontrar Gemas en los Cofres de Oferta.,Teklif Sandıklarında Mücevher bulma olasılığını artırır.,Aumenta la probabilità di trovare Gemme nelle Casse Offerta.
Items.Mastery.Desc.GemOfferCount,يزيد عدد الجواهر التي تُستلَم من صناديق العرض.,Increases the amount of Gems received from Offer Chests.,Augmente la quantité de Gemmes reçues des Coffres d'Offre.,Erhöht die Anzahl der Edelsteine aus Angebots-Truhen.,オファーチェストから受け取るジェムの数を増加させます。,오퍼 상자에서 받는 젬의 양을 증가시킵니다.,Aumenta a quantidade de Gemas recebidas das Caixas de Oferta.,Aumenta la cantidad de Gemas recibidas de los Cofres de Oferta.,Teklif Sandıklarından elde edilen Mücevher miktarını artırır.,Aumenta la quantità di Gemme ricevute dalle Casse Offerta.
Items.Mastery.Desc.LevelUpRewardWorth,يزيد من المكافآت الممنوحة في كل مرة ترتقي فيها بمستواك.,Increases the rewards granted each time you level up.,Augmente les récompenses octroyées à chaque passage de niveau.,"Erhöht die Belohnungen, die Sie jedes Mal beim Stufenaufstieg erhalten.",レベルアップするたびに得られる報酬が増加します。,레벨업할 때마다 주어지는 보상이 증가합니다.,Aumenta as recompensas concedidas a cada vez que você sobe de nível.,Aumenta las recompensas que se otorgan cada vez que subes de nivel.,Her seviye atladığınızda verilen ödülleri artırır.,Aumenta le ricompense ottenute ogni volta che si sale di Lvl.
Items.Mastery.Desc.MaxOfflineTime,يمدد هذا الخيار الحد الMax للوقت الذي يمكنك فيه ربح المكافآت أثناء عدم الاتصال بالإنترنت.,Extends the maximum time you can earn rewards while offline.,Augmente la durée maximale pendant laquelle vous pouvez gagner des récompenses hors ligne.,"Verlängert die maximale Zeit, in der Sie Prämien verdienen können, während Sie offline sind.",オフライン時に報酬を獲得できる最大時間を延長します。,오프라인 상태에서 보상을 획득할 수 있는 최대 시간을 연장합니다.,Aumenta o tempo máximo que você pode ganhar recompensas enquanto estiver offline.,Amplía el tiempo máximo durante el cual puedes ganar recompensas sin conexión a internet.,Çevrimdışıyken ödül kazanabileceğiniz maksimum süreyi uzatır.,Estende il tempo Max durante il quale è possibile guadagnare ricompense offline.
Items.Mastery.Desc.MiningMaxPickaxe,يزيد الحد الأقصى لعدد المعاول التي يمكنك تخزينها.,Increases the maximum number of pickaxes you can store.,Augmente le nombre maximum de pioches que vous pouvez stocker.,"Erhöht die maximale Anzahl an Spitzhacken, die du aufbewahren kannst.",保有できるツルハシの最大数を増やします。,보유할 수 있는 곡괭이의 최대 개수를 늘립니다.,Aumenta o número máximo de picaretas que você pode armazenar.,Aumenta el número máximo de picos que puedes almacenar.,Saklayabileceğin maksimum kazma sayısını artırır.,Aumenta il numero massimo di picconi che puoi conservare.
Items.Mastery.Desc.OfflineEarningWorth,يزيد من سرعة جمع الموارد أثناء عدم الاتصال بالإنترنت.,Increases the speed of resource gathering while offline.,Augmente la vitesse de collecte des ressources en mode hors ligne.,Erhöht die Geschwindigkeit der Ressourcenbeschaffung im Offline-Modus.,オフライン時のリソース収集速度を向上させます。,오프라인 상태에서 자원 수집 속도를 높여줍니다.,Aumenta a velocidade de coleta de recursos quando offline.,Aumenta la velocidad de obtención de recursos sin conexión.,Çevrimdışıyken kaynak toplama hızını artırır.,Aumenta la velocità di raccolta delle risorse quando si è offline.
Items.Mastery.Desc.PlayerMovementSpeed,يزيد من سرعة حركة الشخصية.,Increases character movement speed.,Augmente la vitesse de déplacement du personnage.,Erhöht die Bewegungsgeschwindigkeit der Spielfigur.,キャラクターの移動速度を向上させます。,캐릭터의 이동 속도를 증가시킵니다.,Aumenta a velocidade de movimento do personagem.,Aumenta la velocidad de movimiento del personaje.,Karakter hareket hızını artırır.,Aumenta la velocità di movimento del personaggio.
Items.Mastery.Name.AdBoostDuration,تمديد معزز الخبرة,Extended EXP Boost,Boost EXP Prolongé,Verlängerter EP-Boost,EXPブースト延長,연장된 EXP 부스트,Boost EXP Estendido,Boost EXP Extendido,Uzatılmış EXP Hızlandırma,Boost EXP Esteso
Items.Mastery.Name.AdBoostWorth,مضاعف معزز الخبرة,EXP Boost Multiplier,Multiplicateur Boost EXP,EP-Boost-Multiplikator,EXPブースト倍率,EXP 부스트 배율,Multiplicador de Boost EXP,Multiplicador de Boost EXP,EXP Hızlandırma Çarpanı,Moltiplicatore Boost EXP
Items.Mastery.Name.AutoLootHammerCount,سرعة النهب التلقائي,Auto-Loot Speed,Vitesse de pillage automatique,Automatische Beutegeschwindigkeit,自動ルート速度,자동 루팅 속도,Velocidade de Saque Automático,Velocidad de saqueo automático,Otomatik Kutu Hızı,Velocità di raccolta automatica
Items.Mastery.Name.CompanionSummonCount,سعة الاستدعاء,Summon Capacity,Capacité d'invocation,Beschwörungskapazität,召喚能力,소환 용량,Capacidade de Invocação,Capacidad de invocación,Çağırma Kapasitesi,Capacità di evocazione
Items.Mastery.Name.ForgeMaxItemLevel,الحد الأقصى لمستوى العنصر,Max Item Level,Niveau d'objet max,Max. Gegenstandsstufe,最大アイテムレベル,최대 아이템 레벨,Nível máx. de item,Nivel máx. de objeto,Maks. Eşya Seviyesi,Livello oggetto max
Items.Mastery.Name.GemOfferChance,فرصة جواهر العرض,Offer Gem Chance,Chance de Gemmes d'Offre,Edelstein-Chance im Angebot,オファージェム確率,오퍼 젬 확률,Chance de Gemas em Ofertas,Probabilidad de Gemas en Ofertas,Mücevher Teklif  Şansı,Probabilità Gemme Offerta
Items.Mastery.Name.GemOfferCount,جواهر إضافية للعرض,Offer Bonus Gems,Gemmes Bonus d'Offre,Bonus-Edelsteine im Angebot,オファーボーナスジェム,오퍼 보너스 젬,Bônus de Gemas em Ofertas,Bonus de Gemas en Ofertas,Mücevher Teklif Bonusu,Bonus Gemme Offerta
Items.Mastery.Name.LevelUpRewardWorth,مكافأة رفع Lvl,Level-Up Bonus,Bonus de passage au niveau supérieur,Level-Up-Bonus,レベルアップボーナス,레벨업 보너스,Bônus de Subida de Nível,Bonificación por subir de nivel,Seviye Atlama Bonusu,Bonus di passaggio di Lvl
Items.Mastery.Name.MaxOfflineTime,الحد الأقصى لوقت عدم الاتصال,Max Offline Time,Temps Hors Ligne Max,Max. Offline-Zeit,最大オフライン時間,최대 오프라인 시간,Tempo Máx. Offline,Tiempo Máx. Sin Conexión,Maks. Çevrimdışı Süre,Tempo Offline Max
Items.Mastery.Name.MiningMaxPickaxe,الحد الأقصى للمعاول,Max Pickaxes,Pioches max,Max. Spitzhacken,ツルハシ上限,최대 곡괭이,Picaretas máx.,Picos máximos,Maks. Kazma,Picconi max
Items.Mastery.Name.OfflineEarningWorth,معدل الربح دون اتصال بالإنترنت,Offline Earning Rate,Taux de gain hors ligne,Offline-Verdienstrate,オフライン収益率,오프라인 수익률,Taxa de ganhos offline,Tasa de ganancias fuera de línea,Çevrimdışı Kazanç Oranı,Tasso di guadagno offline
Items.Mastery.Name.PlayerMovementSpeed,سرعة الحركة,Movement Speed,Vitesse de déplacement,Bewegungsgeschwindigkeit,移動速度,이동 속도,Velocidade de movimento,Velocidad de movimiento,Hareket Hızı,Velocità di movimento
Items.Necklace.Name.1026,قلادة الأنياب,Tooth Necklace,Collier de Crocs,Zahn-Halskette,トゥースネックレス,투스 목걸이,Colar de Presas,Collar de Colmillos,Diş Kolye,Collana di Zanne
Items.Necklace.Name.1027,قلادة التمبلر,Templar Necklace,Collier Templier,Templer-Halskette,テンプラーネックレス,템플러 목걸이,Colar Templário,Collar Templario,Tapınakçı Kolyesi,Collana Templare
Items.Necklace.Name.1028,قلادة الفارس,Knight Necklace,Collier de Chevalier,Ritter-Halskette,ナイトネックレス,나이트 목걸이,Colar de Cavaleiro,Collar de Caballero,Şövalye Kolyesi,Collana del Cavaliere
Items.Necklace.Name.1029,قلادة خضراء,Green Necklace,Collier Vert,Grüne Halskette,グリーンネックレス,그린 목걸이,Colar Verde,Collar Verde,Yeşil Kolye,Collana Verde
Items.Necklace.Name.1030,قلادة المرافق,Squire Necklace,Collier d'Écuyer,Knappen-Halskette,スクワイアネックレス,스콰이어 목걸이,Colar de Escudeiro,Collar de Escudero,Silahtar Kolyesi,Collana dello Scudiero
Items.Necklace.Name.1031,قلادة الرونية,Rune Necklace,Collier Runique,Runen-Halskette,ルーンネックレス,룬 목걸이,Colar Rúnico,Collar Rúnico,Rün Kolye,Collana Runica
Items.Necklace.Name.1032,قلادة الريش,Feather Necklace,Collier de Plumes,Feder-Halskette,フェザーネックレス,페더 목걸이,Colar de Plumas,Collar de Plumas,Tüy Kolye,Collana di Piume
Items.Necklace.Name.1033,قلادة حديدية,Iron Necklace,Collier en Fer,Eisen-Halskette,アイアンネックレス,아이언 목걸이,Colar de Ferro,Collar de Hierro,Demir Kolye,Collana di Ferro
Items.Necklace.Name.1035,قلادة الصقر,Hawk Necklace,Collier de Faucon,Falken-Halskette,ホークネックレス,호크 목걸이,Colar de Falcão,Collar de Halcón,Şahin Kolye,Collana del Falco
Items.Necklace.Name.1047,قلادة خشبية,Wooden Necklace,Collier en Bois,Holz-Halskette,ウッドネックレス,우든 목걸이,Colar de Madeira,Collar de Madera,Ahşap Kolye,Collana di Legno
Items.Necklace.Name.1253,قلادة بدائية,Primitive Necklace,Collier Primitif,Primitive Halskette,プリミティブネックレス,프리미티브 목걸이,Colar Primitivo,Collar Primitivo,İlkel Kolye,Collana Primitiva
Items.Necklace.Name.1257,قلادة الأسهم,Arrow Necklace,Collier de Flèches,Pfeil-Halskette,アローネックレス,애로우 목걸이,Colar de Flechas,Collar de Flechas,Ok Kolye,Collana di Frecce
Items.Necklace.Name.1259,قلادة الرامي,Archer Necklace,Collier d'Archer,Bogenschützen-Halskette,アーチャーネックレス,아처 목걸이,Colar de Arqueiro,Collar de Arquero,Okçu Kolyesi,Collana dell'Arciere
Items.Necklace.Name.1260,قلادة ملعونة,Cursed Necklace,Collier Maudit,Verfluchte Halskette,カースドネックレス,커스드 목걸이,Colar Amaldiçoado,Collar Maldito,Lanetli Kolye,Collana Maledetta
Items.Necklace.Name.1261,قلادة ملكية,Royal Necklace,Collier Royal,Königliche Halskette,ロイヤルネックレス,로열 목걸이,Colar Real,Collar Real,Kraliyet Kolyesi,Collana Reale
Items.Necklace.Name.1320,قلادة الغموض,Arcane Necklace,Collier Arcane,Arkane Halskette,アーケインネックレス,아케인 목걸이,Colar Arcano,Collar Arcano,Gizemli Kolye,Collana Arcana
Items.Necklace.Name.1321,قلادة روحانية,Mystic Necklace,Collier Mystique,Mystische Halskette,ミスティックネックレス,미스틱 목걸이,Colar Místico,Collar Místico,Mistik Kolye,Collana Mistica
Items.Necklace.Name.1322,قلادة بلورية,Crystal Necklace,Collier en Cristal,Kristall-Halskette,クリスタルネックレス,크리스탈 목걸이,Colar de Cristal,Collar de Cristal,Kristal Kolye,Collana di Cristallo
Items.Necklace.Name.1323,قلادة مقدسة,Sacred Necklace,Collier Sacré,Heilige Halskette,セイクリッドネックレス,세이크리드 목걸이,Colar Sagrado,Collar Sagrado,Mukaddes Kolye,Collana Sacra
Items.Necklace.Name.1324,قلادة برية,Wild Necklace,Collier Sauvage,Wilde Halskette,ワイルドネックレス,와일드 목걸이,Colar Selvagem,Collar Salvaje,Vahşi Kolye,Collana Selvaggia
Items.Necklace.Name.1325,قلادة الدرويد,Druidic Necklace,Collier Druidique,Druidische Halskette,ドルイドネックレス,드루이드 목걸이,Colar Druídico,Collar Druídico,Druid Kolyesi,Collana Druidica
Items.Necklace.Name.1354,قلادة الجليد,Ice Necklace,Collier de Glace,Eis-Halskette,アイスネックレス,아이스 목걸이,Colar de Gelo,Collar de Hielo,Buz Kolye,Collana di Ghiaccio
Items.Necklace.Name.1355,قلادة الصقيع,Frost Necklace,Collier de Givre,Frost-Halskette,フロストネックレス,프로스트 목걸이,Colar de Geada,Collar de Escarcha,Don Kolyesi,Collana di Gelo
Items.Necklace.Name.1356,قلادة باردة,Chill Necklace,Collier Glaçant,Eiskalte Halskette,チルネックレス,칠 목걸이,Colar Gélido,Collar Gélido,Soğuk Kolye,Collana Gelida
Items.Necklace.Name.1416,قلادة الخالد,Undying Necklace,Collier Mort-Vivant,Untote Halskette,アンダイングネックレス,언다잉 목걸이,Colar Imortal,Collar Imperecedero,Ölmez Kolye,Collana Immortale
Items.Necklace.Name.1417,قلادة قانية,Scarlet Necklace,Collier Écarlate,Scharlachrote Halskette,スカーレットネックレス,스칼렛 목걸이,Colar Escarlate,Collar Escarlata,Kızıl Kolye,Collana Scarlatta
Items.Necklace.Name.1418,قلادة الرعب,Dread Necklace,Collier d'Effroi,Schreckens-Halskette,ドレッドネックレス,드레드 목걸이,Colar do Pavor,Collar de Pavor,Korku Kolyesi,Collana del Terrore
Items.Necklace.Name.1419,قلادة الكهنوت,Holy Necklace,Collier Saint,Geweihte Halskette,ホーリーネックレス,홀리 목걸이,Colar Santo,Collar Santo,Kutsal Kolye,Collana Santa
Items.Necklace.Name.1420,قلادة سماوية,Celestial Necklace,Collier Céleste,Himmlische Halskette,セレスティアルネックレス,셀레스티얼 목걸이,Colar Celestial,Collar Celestial,Semavi Kolye,Collana Celeste
Items.Necklace.Name.1421,قلادة شمسية,Solar Necklace,Collier Solaire,Sonnen-Halskette,ソーラーネックレス,솔라 목걸이,Colar Solar,Collar Solar,Güneş Kolyesi,Collana Solare
Items.Ring.Name.1037,خاتم التمبلر,Templar Ring,Anneau Templier,Templer-Ring,テンプラーリング,템플러 링,Anel Templário,Anillo Templario,Tapınakçı Yüzüğü,Anello Templare
Items.Ring.Name.1038,خاتم الفارس,Knight Ring,Anneau de Chevalier,Ritter-Ring,ナイトリング,나이트 링,Anel de Cavaleiro,Anillo de Caballero,Şövalye Yüzüğü,Anello del Cavaliere
Items.Ring.Name.1039,خاتم أخضر,Green Ring,Anneau Vert,Grüner Ring,グリーンリング,그린 링,Anel Verde,Anillo Verde,Yeşil Yüzük,Anello Verde
Items.Ring.Name.1040,خاتم المرافق,Squire Ring,Anneau d'Écuyer,Knappen-Ring,スクワイアリング,스콰이어 링,Anel de Escudeiro,Anillo de Escudero,Silahtar Yüzüğü,Anello dello Scudiero
Items.Ring.Name.1041,خاتم مظلم,Dark Ring,Anneau Sombre,Dunkler Ring,ダークリング,다크 링,Anel Sombrio,Anillo Oscuro,Karanlık Yüzük,Anello Oscuro
Items.Ring.Name.1042,خاتم الفايكنج,Viking Ring,Anneau Viking,Wikinger-Ring,ヴァイキングリング,바이킹 링,Anel Viking,Anillo Vikingo,Viking Yüzüğü,Anello Vichingo
Items.Ring.Name.1043,خاتم فولاذي,Steel Ring,Anneau en Acier,Stahlring,スチールリング,스틸 링,Anel de Aço,Anillo de Acero,Çelik Yüzük,Anello d'Acciaio
Items.Ring.Name.1044,خاتم البلوط,Oak Ring,Anneau de Chêne,Eichenring,オークリング,오크 링,Anel de Carvalho,Anillo de Roble,Meşe Yüzük,Anello di Quercia
Items.Ring.Name.1045,خاتم خشبي,Wooden Ring,Anneau en Bois,Holzring,ウッドリング,우든 링,Anel de Madeira,Anillo de Madera,Ahşap Yüzük,Anello di Legno
Items.Ring.Name.1046,خاتم البتولا,Birch Ring,Anneau de Bouleau,Birkenring,バーチリング,버치 링,Anel de Bétula,Anillo de Abedul,Huş Yüzüğü,Anello di Betulla
Items.Ring.Name.1264,خاتم حديدي,Iron Ring,Anneau en Fer,Eisenring,アイアンリング,아이언 링,Anel de Ferro,Anillo de Hierro,Demir Yüzük,Anello di Ferro
Items.Ring.Name.1265,خاتم اللص,Thief Ring,Anneau de Voleur,Diebesring,シーフリング,시프 링,Anel de Ladrão,Anillo de Ladrón,Hırsız Yüzüğü,Anello del Ladro
Items.Ring.Name.1268,خاتم ملعون,Cursed Ring,Anneau Maudit,Verfluchter Ring,カースドリング,커스드 링,Anel Amaldiçoado,Anillo Maldito,Lanetli Yüzük,Anello Maledetto
Items.Ring.Name.1270,خاتم الرامي,Archer Ring,Anneau d'Archer,Bogenschützen-Ring,アーチャーリング,아처 링,Anel de Arqueiro,Anillo de Arquero,Okçu Yüzüğü,Anello dell'Arciere
Items.Ring.Name.1273,خاتم ملكي,Royal Ring,Anneau Royal,Königlicher Ring,ロイヤルリング,로열 링,Anel Real,Anillo Real,Kraliyet Yüzüğü,Anello Reale
Items.Ring.Name.1326,خاتم الغموض,Arcane Ring,Anneau Arcane,Arkaner Ring,アーケインリング,아케인 링,Anel Arcano,Anillo Arcano,Gizemli Yüzük,Anello Arcano
Items.Ring.Name.1327,خاتم روحاني,Mystic Ring,Anneau Mystique,Mystischer Ring,ミスティックリング,미스틱 링,Anel Místico,Anillo Místico,Mistik Yüzük,Anello Mistico
Items.Ring.Name.1328,خاتم بلوري,Crystal Ring,Anneau en Cristal,Kristall-Ring,クリスタルリング,크리스탈 링,Anel de Cristal,Anillo de Cristal,Kristal Yüzük,Anello di Cristallo
Items.Ring.Name.1329,خاتم مقدس,Sacred Ring,Anneau Sacré,Heiliger Ring,セイクリッドリング,세이크리드 링,Anel Sagrado,Anillo Sagrado,Mukaddes Yüzük,Anello Sacro
Items.Ring.Name.1330,خاتم بري,Wild Ring,Anneau Sauvage,Wilder Ring,ワイルドリング,와일드 링,Anel Selvagem,Anillo Salvaje,Vahşi Yüzük,Anello Selvaggio
Items.Ring.Name.1331,خاتم الدرويد,Druidic Ring,Anneau Druidique,Druidischer Ring,ドルイドリング,드루이드 링,Anel Druídico,Anillo Druídico,Druid Yüzüğü,Anello Druidico
Items.Ring.Name.1357,خاتم الجليد,Ice Ring,Anneau de Glace,Eis-Ring,アイスリング,아이스 링,Anel de Gelo,Anillo de Hielo,Buz Yüzük,Anello di Ghiaccio
Items.Ring.Name.1358,خاتم الصقيع,Frost Ring,Anneau de Givre,Frost-Ring,フロストリング,프로스트 링,Anel de Geada,Anillo de Escarcha,Don Yüzüğü,Anello di Gelo
Items.Ring.Name.1359,خاتم بارد,Chill Ring,Anneau Glaçant,Eiskalter Ring,チルリング,칠 링,Anel Gélido,Anillo Gélido,Soğuk Yüzük,Anello Gelido
Items.Ring.Name.1422,خاتم الخالد,Undying Ring,Anneau Mort-Vivant,Untoten-Ring,アンダイングリング,언다잉 링,Anel Imortal,Anillo Imperecedero,Ölmez Yüzük,Anello Immortale
Items.Ring.Name.1423,خاتم قاني,Scarlet Ring,Anneau Écarlate,Scharlachroter Ring,スカーレットリング,스칼렛 링,Anel Escarlate,Anillo Escarlata,Kızıl Yüzük,Anello Scarlatto
Items.Ring.Name.1424,خاتم الفراغ,Void Ring,Anneau du Néant,Leeren-Ring,ヴォイドリング,보이드 링,Anel do Vazio,Anillo del Vacío,Boşluk Yüzüğü,Anello del Vuoto
Items.Ring.Name.1425,خاتم الكهنوت,Holy Ring,Anneau Saint,Geweihter Ring,ホーリーリング,홀리 링,Anel Santo,Anillo Santo,Kutsal Yüzük,Anello Santo
Items.Ring.Name.1426,خاتم سماوي,Celestial Ring,Anneau Céleste,Himmlischer Ring,セレスティアルリング,셀레스티얼 링,Anel Celestial,Anillo Celestial,Semavi Yüzük,Anello Celeste
Items.Ring.Name.1427,خاتم شمسي,Solar Ring,Anneau Solaire,Sonnen-Ring,ソーラーリング,솔라 링,Anel Solar,Anillo Solar,Güneş Yüzüğü,Anello Solare
Items.SubStat.AttackSpeed,سرعة الهجوم,Attack Speed,Vitesse d'Attaque,Angriffstempo,攻撃速度,공격 속도,Velocidade de Ataque,Velocidad de Ataque,Saldırı Hızı,Velocità d'Attacco
Items.SubStat.BlockChance,فرصة الصد,Block Chance,Chance de Blocage,Blockchance,ブロック率,방어 확률,Chance de Bloqueio,Probabilidad de Bloqueo,Blok Şansı,Probabilità di Blocco
Items.SubStat.CompanionCooldown,فترة انتظار الرفيق,Companion Cooldown,Recharge Compagnon,Begleiter-Abklingzeit,仲間クールダウン,동료 쿨다운,Recarga de Companheiro,Recarga de Compañero,Yoldaş Bekleme Süresi,Ricarica Compagno
Items.SubStat.CompanionDamage,ضرر الرفيق,Companion Damage,Dégâts Compagnon,Begleiterschaden,仲間ダメージ,동료 데미지,Dano de Companheiro,Daño de Compañero,Yoldaş Hasarı,Danno Compagno
Items.SubStat.CriticalChance,فرصة الحرج,Critical Chance,Chance Critique,Kritische Chance,クリティカル率,치명타 확률,Chance Crítica,Probabilidad Crítica,Kritik Şansı,Probabilità Critica
Items.SubStat.CriticalDamage,الضرر الحرج,Critical Damage,Dégâts Critiques,Kritischer Schaden,クリティカルダメージ,치명타 데미지,Dano Crítico,Daño Crítico,Kritik Hasarı,Danno Critico
Items.SubStat.Damage,الضرر,Damage,Dégâts,Schaden,ダメージ,데미지,Dano,Daño,Hasar,Danno
Items.SubStat.DoubleChance,فرصة الضربة المزدوجة,Double Hit Chance,Chance de Double Coup,Doppelschlag-Chance,ダブルヒット率,이중 타격 확률,Chance de Golpe Duplo,Probabilidad de Doble Golpe,Çift Vuruş Şansı,Probabilità Doppio Colpo
Items.SubStat.Health,الصحة,Health,PV,LP,HP,HP,HP,PV,Can,PV
Items.SubStat.HealthRegen,تجدد الصحة,Health Regen,Régén PV,LP-Regen,HP回復,HP 회복,Regen. HP,Regen. PV,Can Yenileme,Rigen. PV
Items.SubStat.Lifesteal,امتصاص الحياة,Lifesteal,Vol de Vie,Lebensraub,ライフスティール,라이프 스틸,Roubo de Vida,Robo de Vida,Can Çalma,Rubavita
Items.SubStat.MeleeDamage,ضرر القتال القريب,Melee Damage,Dégâts Mêlée,Nahkampfschaden,近接ダメージ,근접 데미지,Dano Corpo a Corpo,Daño Cuerpo a Cuerpo,Yakın Hasar,Danno Mischia
Items.SubStat.RangedDamage,ضرر القتال البعيد,Ranged Damage,Dégâts à Distance,Fernkampfschaden,遠距離ダメージ,원거리 데미지,Dano à Distância,Daño a Distancia,Menzilli Hasar,Danno a Distanza
Items.Tier.Name.Tier1,عادي,Normal,Normal,Normal,ノーマル,노멀,Normal,Normal,Normal,Normale
Items.Tier.Name.Tier2,صعب,Hard,Difficile,Schwer,ハード,하드,Difícil,Difícil,Zor,Difficile
Items.Tier.Name.Tier3,متطرف,Extreme,Extrême,Extrem,エクストリーム,익스트림,Extremo,Extremo,Ekstrem,Estremo
Items.Tier.Name.Tier4,مدمر,Overkill,Excessif,Übertötung,オーバーキル,오버킬,Excessivo,Excesivo,Aşırı,Eccessivo
Items.Tier.Name.Tier5,مستحيل,Impossible,Impossible,Unmöglich,インポッシブル,임파서블,Impossível,Imposible,İmkansız,Impossibile
Items.Tier.Name.Tier6,الجحيم I,Hell I,Enfer I,Hölle I,ヘル I,헬 I,Inferno I,Infierno I,Cehennem I,Inferno I
Items.Tier.Name.Tier7,الجحيم II,Hell II,Enfer II,Hölle II,ヘル II,헬 II,Inferno II,Infierno II,Cehennem II,Inferno II
Items.Tier.Name.Tier8,الجحيم III,Hell III,Enfer III,Hölle III,ヘル III,헬 III,Inferno III,Infierno III,Cehennem III,Inferno III
Items.Type.Backpack,حقيبة,Backpack,Sac à Dos,Rucksack,バックパック,백팩,Mochila,Mochila,Çanta,Zaino
Items.Type.Cloak,عباءة,Cape,Cape,Umhang,マント,망토,Manto,Capa,Pelerin,Mantello
Items.Type.Gloves,قفازات,Gloves,Gants,Handschuhe,グローブ,글러브,Luvas,Guantes,Eldiven,Guanti
Items.Type.Helmet,خوذة,Helmet,Casque,Helm,ヘルメット,헬멧,Capacete,Casco,Miğfer,Elmo
Items.Type.Necklace,قلادة,Necklace,Collier,Halskette,ネックレス,목걸이,Colar,Collar,Kolye,Collana
Items.Type.Ring,خاتم,Ring,Anneau,Ring,リング,링,Anel,Anillo,Yüzük,Anello
Items.Type.Weapon,سلاح,Weapon,Arme,Waffe,武器,무기,Arma,Arma,Silah,Arma
Items.Type.Wing,جناح,Wing,Aile,Schwinge,ウィング,윙,Asa,Ala,Kanat,Ali
Items.Weapon.Name.1,سيف خشبي,Wooden Sword,Épée en Bois,Holzschwert,木の剣,나무 검,Espada de Madeira,Espada de Madera,Ahşap Kılıç,Spada di Legno
Items.Weapon.Name.1001,سلاح الزومبي,ZombieWeapon,Arme de Zombie,Zombie-Waffe,ゾンビウェポン,좀비 웨폰,Arma Zumbi,Arma Zombi,Zombi Silahı,Arma Zombie
Items.Weapon.Name.1002,مسدس أبيض وأسود,BlackAndWhite_Gun,Pistolet Noir et Blanc,Schwarz-Weiß-Pistole,モノクロガン,모노크롬 건,Pistola Preto e Branco,Pistola Blanco y Negro,Siyah Beyaz Tabanca,Pistola Bianco e Nero
Items.Weapon.Name.1003,سلاح التنين,DragonWeapon,Arme de Dragon,Drachenwaffe,ドラゴンウェポン,드래곤 웨폰,Arma do Dragão,Arma de Dragón,Ejderha Silahı,Arma del Drago
Items.Weapon.Name.1006,سيف أبيض وأسود,BlackAndWhite_Sword,Épée Noir et Blanc,Schwarz-Weiß-Schwert,モノクロソード,모노크롬 소드,Espada Preto e Branco,Espada Blanco y Negro,Siyah Beyaz Kılıç,Spada Bianco e Nero
Items.Weapon.Name.1007,بندقية بيضاء وسوداء,BlackAndWhite_Rifle,Fusil Noir et Blanc,Schwarz-Weiß-Gewehr,モノクロライフル,모노크롬 라이플,Rifle Preto e Branco,Rifle Blanco y Negro,Siyah Beyaz Tüfek,Fucile Bianco e Nero
Items.Weapon.Name.1008,سكين أبيض وأسود,BlackAndWhite_Knife,Couteau Noir et Blanc,Schwarz-Weiß-Messer,モノクロナイフ,모노크롬 나이프,Faca Preto e Branco,Cuchillo Blanco y Negro,Siyah Beyaz Bıçak,Coltello Bianco e Nero
Items.Weapon.Name.1009,بندقية الخربشة,Doodle Rifle,Fusil Gribouillage,Kritzel-Gewehr,ドゥードルライフル,두들 라이플,Rifle Rabisco,Rifle Garabato,Karalama Tüfek,Fucile Scarabocchio
Items.Weapon.Name.1010,سكين الخربشة,Doodle Knife,Couteau Gribouillage,Kritzel-Messer,ドゥードルナイフ,두들 나이프,Faca Rabisco,Cuchillo Garabato,Karalama Bıçak,Coltello Scarabocchio
Items.Weapon.Name.1011,سيف الخربشة,Doodle Sword,Épée Gribouillage,Kritzel-Schwert,ドゥードルソード,두들 소드,Espada Rabisco,Espada Garabato,Karalama Kılıç,Spada Scarabocchio
Items.Weapon.Name.1012,مسدس الخربشة,Doodle Gun,Pistolet Gribouillage,Kritzel-Pistole,ドゥードルガン,두들 건,Pistola Rabisco,Pistola Garabato,Karalama Tabanca,Pistola Scarabocchio
Items.Weapon.Name.1013,كرامبيت أبيض وأسود,BlackAndWhite_Karambit,Karambit Noir et Blanc,Schwarz-Weiß-Karambit,モノクロカランビット,모노크롬 카람빗,Karambit Preto e Branco,Karambit Blanco y Negro,Siyah Beyaz Karambit,Karambit Bianco e Nero
Items.Weapon.Name.1277,منجل,Sickle,Faucille,Sichel,シックル,시클,Foice,Hoz,Orak,Falce
Items.Weapon.Name.1287,فأس المعركة,Battle Axe,Hache de Bataille,Streitaxt,バトルアックス,배틀 액스,Machado de Batalha,Hacha de Batalla,Savaş Baltası,Ascia da Battaglia
Items.Weapon.Name.1288,صولجان,Mace,Masse,Streitkolben,メイス,메이스,Maça,Maza,Topuz,Mazza
Items.Weapon.Name.1290,سيف المرافق,Squire Sword,Épée d'Écuyer,Knappen-Schwert,スクワイアソード,스콰이어 소드,Espada de Escudeiro,Espada de Escudero,Silahtar Kılıcı,Spada dello Scudiero
Items.Weapon.Name.1293,سيف الفارس,Knight Sword,Épée de Chevalier,Ritter-Schwert,ナイトソード,나이트 소드,Espada de Cavaleiro,Espada de Caballero,Şövalye Kılıcı,Spada del Cavaliere
Items.Weapon.Name.1295,سيف حديدي,Iron Sword,Épée en Fer,Eisenschwert,アイアンソード,아이언 소드,Espada de Ferro,Espada de Hierro,Demir Kılıç,Spada di Ferro
Items.Weapon.Name.1296,عصا اللهب,Flame Staff,Bâton de Flammes,Flammenstab,フレイムスタッフ,플레임 스태프,Cajado de Chamas,Bastón de Llamas,Alev Asası,Bastone di Fiamma
Items.Weapon.Name.1298,قوس طويل,Longbow,Arc Long,Langbogen,ロングボウ,롱보우,Arco Longo,Arco Largo,Uzun Yay,Arco Lungo
Items.Weapon.Name.1299,قوس بدائي,Primitive Bow,Arc Primitif,Primitiver Bogen,プリミティブボウ,프리미티브 보우,Arco Primitivo,Arco Primitivo,İlkel Yay,Arco Primitivo
Items.Weapon.Name.1301,نشاب المرافق,Squire Crossbow,Arbalète d'Écuyer,Knappen-Armbrust,スクワイアクロスボウ,스콰이어 크로스보우,Besta de Escudeiro,Ballesta de Escudero,Silahtar Tatarı,Balestra dello Scudiero
Items.Weapon.Name.1302,كرامبيت أبيض وأسود,BlackAndWhite_Karambit,Karambit Noir et Blanc,Schwarz-Weiß-Karambit,モノクロカランビット,모노크롬 카람빗,Karambit Preto e Branco,Karambit Blanco y Negro,Siyah Beyaz Karambit,Karambit Bianco e Nero
Items.Weapon.Name.1332,سيف روحاني,Mystic Sword,Épée Mystique,Mystisches Schwert,ミスティックソード,미스틱 소드,Espada Mística,Espada Mística,Mistik Kılıç,Spada Mistica
Items.Weapon.Name.1333,خنجر الغموض,Arcane Dagger,Dague Arcane,Arkaner Dolch,アーケインダガー,아케인 대거,Adaga Arcana,Daga Arcana,Gizemli Hançer,Pugnale Arcano
Items.Weapon.Name.1334,فأس الوهج,Glimmer Axe,Hache Étincelante,Schimmer-Axt,グリマーアックス,글리머 액스,Machado Cintilante,Hacha Centelleante,Işıltı Baltası,Ascia Scintillante
Items.Weapon.Name.1335,سيف مقدس,Sacred Sword,Épée Sacrée,Heiliges Schwert,セイクリッドソード,세이크리드 소드,Espada Sagrada,Espada Sagrada,Mukaddes Kılıç,Spada Sacra
Items.Weapon.Name.1336,فأس بري,Wild Axe,Hache Sauvage,Wilde Axt,ワイルドアックス,와일드 액스,Machado Selvagem,Hacha Salvaje,Vahşi Balta,Ascia Selvaggia
Items.Weapon.Name.1337,سيف الدرويد,Druidic Sword,Épée Druidique,Druidisches Schwert,ドルイドソード,드루이드 소드,Espada Druídica,Espada Druídica,Druid Kılıcı,Spada Druidica
Items.Weapon.Name.1338,كوناي روحاني,Mystic Kunai,Kunai Mystique,Mystischer Kunai,ミスティッククナイ,미스틱 쿠나이,Kunai Místico,Kunai Místico,Mistik Kunai,Kunai Mistico
Items.Weapon.Name.1339,قوس الغموض,Arcane Bow,Arc Arcane,Arkaner Bogen,アーケインボウ,아케인 보우,Arco Arcano,Arco Arcano,Gizemli Yay,Arco Arcano
Items.Weapon.Name.1340,عصا الحكيم,Wizard Staff,Bâton de Sorcier,Zauberer-Stab,ウィザードスタッフ,위저드 스태프,Cajado de Bruxo,Bastón de Brujo,Büyücü Asası,Bastone dello Stregone
Items.Weapon.Name.1341,رمح مقدس,Sacred Spear,Lance Sacrée,Heiliger Speer,セイクリッドスピア,세이크리드 스피어,Lança Sagrada,Lanza Sagrada,Mukaddes Mızrak,Lancia Sacra
Items.Weapon.Name.1342,نشاب الدرويد,Druidic Crossbow,Arbalète Druidique,Druidische Armbrust,ドルイドクロスボウ,드루이드 크로스보우,Besta Druídica,Ballesta Druídica,Druid Tatarı,Balestra Druidica
Items.Weapon.Name.1343,عصا برية,Wild Staff,Bâton Sauvage,Wilder Stab,ワイルドスタッフ,와일드 스태프,Cajado Selvagem,Bastón Salvaje,Vahşi Asa,Bastone Selvaggio
Items.Weapon.Name.1360,خنجر الجليد,Ice Dagger,Dague de Glace,Eisdolch,アイスダガー,아이스 대거,Adaga de Gelo,Daga de Hielo,Buz Hançer,Pugnale di Ghiaccio
Items.Weapon.Name.1361,فأس الصقيع الكبير,Frost Greataxe,Grande Hache de Givre,Frost-Großaxt,フロストグレートアックス,프로스트 그레이트액스,Machado Grande de Geada,Hacha Grande de Escarcha,Don Büyük Baltası,Grande Ascia di Gelo
Items.Weapon.Name.1362,سيف العاصفة الكبير,Blizzard Greatsword,Grande Épée du Blizzard,Blizzard-Großschwert,ブリザードグレートソード,블리자드 그레이트소드,Espadão da Nevasca,Espadón de Ventisca,Tipi Büyük Kılıcı,Grande Spada della Bufera
Items.Weapon.Name.1363,رمح الجليد,Ice Javelin,Javelot de Glace,Eis-Wurfspeer,アイスジャベリン,아이스 재블린,Dardo de Gelo,Jabalina de Hielo,Buz Ciridi,Giavellotto di Ghiaccio
Items.Weapon.Name.1364,قوس الصقيع,Frost Bow,Arc de Givre,Frost-Bogen,フロストボウ,프로스트 보우,Arco de Geada,Arco de Escarcha,Don Yayı,Arco di Gelo
Items.Weapon.Name.1365,عصا الجليد,Ice Staff,Bâton de Glace,Eis-Stab,アイススタッフ,아이스 스태프,Cajado de Gelo,Bastón de Hielo,Buz Asası,Bastone di Ghiaccio
Items.Weapon.Name.1368,سلاح التنين,DragonWeapon,Arme de Dragon,Drachenwaffe,ドラゴンウェポン,드래곤 웨폰,Arma do Dragão,Arma de Dragón,Ejderha Silahı,Arma del Drago
Items.Weapon.Name.1371,سلاح التنين,DragonWeapon,Arme de Dragon,Drachenwaffe,ドラゴンウェポン,드래곤 웨폰,Arma do Dragão,Arma de Dragón,Ejderha Silahı,Arma del Drago
Items.Weapon.Name.1374,سلاح التنين,DragonWeapon,Arme de Dragon,Drachenwaffe,ドラゴンウェポン,드래곤 웨폰,Arma do Dragão,Arma de Dragón,Ejderha Silahı,Arma del Drago
Items.Weapon.Name.1377,سلاح التنين,DragonWeapon,Arme de Dragon,Drachenwaffe,ドラゴンウェポン,드래곤 웨폰,Arma do Dragão,Arma de Dragón,Ejderha Silahı,Arma del Drago
Items.Weapon.Name.1380,سلاح التنين,DragonWeapon,Arme de Dragon,Drachenwaffe,ドラゴンウェポン,드래곤 웨폰,Arma do Dragão,Arma de Dragón,Ejderha Silahı,Arma del Drago
Items.Weapon.Name.1383,سلاح التنين,DragonWeapon,Arme de Dragon,Drachenwaffe,ドラゴンウェポン,드래곤 웨폰,Arma do Dragão,Arma de Dragón,Ejderha Silahı,Arma del Drago
Items.Weapon.Name.1386,سلاح التنين,DragonWeapon,Arme de Dragon,Drachenwaffe,ドラゴンウェポン,드래곤 웨폰,Arma do Dragão,Arma de Dragón,Ejderha Silahı,Arma del Drago
Items.Weapon.Name.1389,سلاح التنين,DragonWeapon,Arme de Dragon,Drachenwaffe,ドラゴンウェポン,드래곤 웨폰,Arma do Dragão,Arma de Dragón,Ejderha Silahı,Arma del Drago
Items.Weapon.Name.1392,سلاح التنين,DragonWeapon,Arme de Dragon,Drachenwaffe,ドラゴンウェポン,드래곤 웨폰,Arma do Dragão,Arma de Dragón,Ejderha Silahı,Arma del Drago
Items.Weapon.Name.1395,سلاح التنين,DragonWeapon,Arme de Dragon,Drachenwaffe,ドラゴンウェポン,드래곤 웨폰,Arma do Dragão,Arma de Dragón,Ejderha Silahı,Arma del Drago
Items.Weapon.Name.1428,خنجر الرعب,Dread Dagger,Dague d'Effroi,Schreckens-Dolch,ドレッドダガー,드레드 대거,Adaga do Pavor,Daga de Pavor,Korku Hançeri,Pugnale del Terrore
Items.Weapon.Name.1429,سيف جهنمي كبير,Infernal Greatsword,Grande Épée Infernale,Höllen-Großschwert,インファーナルグレートソード,인페르날 그레이트소드,Espadão Infernal,Espadón Infernal,Cehennem Büyük Kılıcı,Grande Spada Infernale
Items.Weapon.Name.1430,منجل الفراغ,Void Scythe,Faux du Néant,Leeren-Sense,ヴォイドサイズ,보이드 사이드,Foice do Vazio,Guadaña del Vacío,Boşluk Tırpanı,Falce del Vuoto
Items.Weapon.Name.1431,صولجان إلهي,Divine Mace,Masse Divine,Göttlicher Streitkolben,ディヴァインメイス,디바인 메이스,Maça Divina,Maza Divina,İlahi Topuz,Mazza Divina
Items.Weapon.Name.1432,سيف الكهنوت الكبير,Holy Greatsword,Grande Épée Sainte,Geweihtes Großschwert,ホーリーグレートソード,홀리 그레이트소드,Espadão Santo,Espadón Santo,Kutsal Büyük Kılıç,Grande Spada Santa
Items.Weapon.Name.1433,فأس شمسي كبير,Solar Greataxe,Grande Hache Solaire,Sonnen-Großaxt,ソーラーグレートアックス,솔라 그레이트액스,Machado Grande Solar,Hacha Grande Solar,Güneş Büyük Baltası,Grande Ascia Solare
Items.Weapon.Name.1434,قوس الخالد,Undying Bow,Arc Mort-Vivant,Untoten-Bogen,アンダイングボウ,언다잉 보우,Arco Imortal,Arco Imperecedero,Ölmez Yay,Arco Immortale
Items.Weapon.Name.1435,رمح الفراغ,Void Javelin,Javelot du Néant,Leeren-Wurfspeer,ヴォイドジャベリン,보이드 재블린,Dardo do Vazio,Jabalina del Vacío,Boşluk Ciridi,Giavellotto del Vuoto
Items.Weapon.Name.1436,عصا الطاغية,Tyrant Staff,Bâton de Tyran,Tyrannen-Stab,タイラントスタッフ,타이런트 스태프,Cajado de Tirano,Bastón de Tirano,Zalim Asası,Bastone del Tiranno
Items.Weapon.Name.1437,صاعقة سماوية,Celestial Lightning,Foudre Céleste,Himmlischer Blitz,セレスティアルライトニング,셀레스티얼 라이트닝,Raio Celestial,Rayo Celestial,Semavi Yıldırım,Fulmine Celeste
Items.Weapon.Name.1438,نشاب أبدي,Eternal Crossbow,Arbalète Éternelle,Ewige Armbrust,エターナルクロスボウ,이터널 크로스보우,Besta Eterna,Ballesta Eterna,Ebedi Tatar,Balestra Eterna
Items.Weapon.Name.1439,عصا متألقة,Radiant Staff,Bâton Radieux,Strahlender Stab,ラディアントスタッフ,래디언트 스태프,Cajado Radiante,Bastón Radiante,Parlak Asa,Bastone Radiante
Items.Weapon.Name.2,مذراة,Pitchfork,Fourche,Mistgabel,ピッチフォーク,피치포크,Forcado,Horca,Dirgen,Forcone
Items.Weapon.Name.29,فأس الحطب,Wood Axe,Hache à Bois,Holzaxt,ウッドアックス,우드 액스,Machado de Lenha,Hacha de Leña,Odun Baltası,Ascia da Legna
Items.Weapon.Name.30,خنجر خشن,Crude Dagger,Dague Grossière,Grobe Klinge,クルードダガー,크루드 대거,Adaga Tosca,Daga Tosca,Kaba Hançer,Pugnale Rozzo
Items.Weapon.Name.32,فأس كبير,Great Axe,Grande Hache,Großaxt,グレートアックス,그레이트 액스,Machado Grande,Hacha Grande,Büyük Balta,Grande Ascia
Items.Weapon.Name.35,مقلاع,Sling,Fronde,Schleuder,スリング,슬링,Funda,Honda,Sapan,Fionda
Items.Weapon.Name.57,سيف الجندي,Soldier Sword,Épée de Soldat,Soldaten-Schwert,ソルジャーソード,솔저 소드,Espada de Soldado,Espada de Soldado,Asker Kılıcı,Spada del Soldato
Items.Weapon.Name.58,خناجر الجندي,Soldier Daggers,Dagues de Soldat,Soldaten-Dolche,ソルジャーダガー,솔저 대거,Adagas de Soldado,Dagas de Soldado,Asker Hançerleri,Pugnali del Soldato
Items.Weapon.Name.61,خنجر مزدوج,Twin Dagger,Dague Jumelle,Zwillingsdolch,ツインダガー,트윈 대거,Adaga Gêmea,Daga Gemela,İkiz Hançer,Pugnale Gemello
Items.Weapon.Name.62,سيف ملكي,Royal Sword,Épée Royale,Königliches Schwert,ロイヤルソード,로열 소드,Espada Real,Espada Real,Kraliyet Kılıcı,Spada Reale
Items.Weapon.Name.63,عصا الرمي,Throwing Stick,Bâton de Lancer,Wurfholz,スローイングスティック,스로잉 스틱,Bastão de Arremesso,Bastón Arrojadizo,Fırlatma Sopası,Bastone da Lancio
Items.Weapon.Name.65,رمح خفيف,Javelin,Javelot,Wurfspeer,ジャベリン,재블린,Dardo,Jabalina,Cirit,Giavellotto
Items.Weapon.Name.66,قوس,Bow,Arc,Bogen,弓,활,Arco,Arco,Yay,Arco
Items.Weapon.Name.67,قوس الفايكنج,Viking Bow,Arc Viking,Wikinger-Bogen,ヴァイキングボウ,바이킹 보우,Arco Viking,Arco Vikingo,Viking Yayı,Arco Vichingo
Items.Weapon.Name.68,رمح الفايكنج,Viking Spear,Lance Viking,Wikinger-Speer,ヴァイキングスピア,바이킹 스피어,Lança Viking,Lanza Vikinga,Viking Mızrağı,Lancia Vichinga
Items.Weapon.Name.70,رمح المرافق,Squire Javelin,Javelot d'Écuyer,Knappen-Wurfspeer,スクワイアジャベリン,스콰이어 재블린,Dardo de Escudeiro,Jabalina de Escudero,Silahtar Ciridi,Giavellotto dello Scudiero
Items.Weapon.Name.71,قوس الجندي,Soldier Bow,Arc de Soldat,Soldaten-Bogen,ソルジャーボウ,솔저 보우,Arco de Soldado,Arco de Soldado,Asker Yayı,Arco del Soldato
Items.Weapon.Name.72,نشاب الفارس,Knight Crossbow,Arbalète de Chevalier,Ritter-Armbrust,ナイトクロスボウ,나이트 크로스보우,Besta de Cavaleiro,Ballesta de Caballero,Şövalye Tatarı,Balestra del Cavaliere
Items.Weapon.Name.73,رمح الفارس,Knight Javelin,Javelot de Chevalier,Ritter-Wurfspeer,ナイトジャベリン,나이트 재블린,Dardo de Cavaleiro,Jabalina de Caballero,Şövalye Ciridi,Giavellotto del Cavaliere
Items.WeaponType.Melee,قتال قريب,Melee,Mêlée,Nahkampf,近接,근접,Corpo a Corpo,Cuerpo a Cuerpo,Yakın Dövüş,Mischia
Items.WeaponType.Range,قتال بعيد,Range,Distance,Fernkampf,遠距離,원거리,Distância,Distancia,Menzilli,Distanza
Items.Wing.Name.0,الفرخ,Fledgling,Oisillon,Küken,フレッジリング,플레질링,Filhote,Polluelo,Yavru Kuş,Pulcino
Items.Wing.Name.1,الصقر,Hawk,Faucon,Falke,ホーク,호크,Falcão,Halcón,Şahin,Falco
Items.Wing.Name.2,الحمامة,Dove,Colombe,Taube,ダブ,도브,Pomba,Paloma,Güvercin,Colomba
Items.Wing.Name.3,اللهيب,Blaze,Brasier,Lohe,ブレイズ,블레이즈,Labareda,Llamarada,Alev,Fiamma
Items.Wing.Name.4,صغير التنين,Wyrmling,Dragonneau,Drachenkind,ワームリング,웜링,Cria de Dragão,Cría de Dragón,Ejderha Yavrusu,Cucciolo di Drago
Items.Wing.Name.5,العقيق الأسود,Onyx,Onyx,Onyx,オニキス,오닉스,Ônix,Ónice,Oniks,Onice
Items.Wing.Name.6,التنين الأخضر,Green Dragon,Dragon Vert,Grüner Drache,グリーンドラゴン,그린 드래곤,Dragão Verde,Dragón Verde,Yeşil Ejderha,Drago Verde
Items.Wing.Name.7,الشيطان,Fiend,Démon,Unhold,フィエンド,피엔드,Demônio,Demonio,Şeytan,Demone
Items.Wing.Name.8,السماوي,Celestial,Céleste,Himmlisch,セレスティアル,셀레스티얼,Celestial,Celestial,Semavi,Celeste
Items.Wing.Name.9,الأبدي,Eternal,Éternel,Ewig,エターナル,이터널,Eterno,Eterno,Ebedi,Eterno
Popup.AccountSelect.GuestName,ضيف,Guest,Invité,Gast,ゲスト,게스트,Convidado,Invitado,Misafir,Ospite
Popup.AccountSelect.NewAdventurer,مغامر جديد,New adventurer,Nouvel aventurier,Neuer Abenteurer,新たな冒険者,새로운 모험가,Novo aventureiro,Nuevo aventurero,Yeni maceracı,Nuovo avventuriero
Popup.AccountSelect.PlayerLevel,مستوى اللاعب {0},Player Lv. {0},Niv. joueur {0},Spieler-Lvl {0},プレイヤーLv {0},플레이어 Lv. {0},Nível jog. {0},Nivel jug. {0},Oyuncu Sv. {0},Liv. giocatore {0}
Popup.AccountSelect.Power,القوة {0},Power {0},Puissance {0},Stärke {0},戦闘力 {0},전투력 {0},Poder {0},Poder {0},Güç {0},Potenza {0}
Popup.AccountSelect.SavedDaysAgo,تم الحفظ قبل {0} يوم,Saved {0}d ago,Sauvegardé il y a {0} j,Vor {0} Tagen gespeichert,{0}日前にセーブ,{0}일 전 저장됨,Salvo há {0}d,Guardado hace {0}d,{0} gün önce kaydedildi,Salvato {0}g fa
Popup.AccountSelect.SavedHoursAgo,تم الحفظ قبل {0} ساعة,Saved {0}h ago,Sauvegardé il y a {0} h,Vor {0} Std. gespeichert,{0}時間前にセーブ,{0}시간 전 저장됨,Salvo há {0}h,Guardado hace {0}h,{0} sa önce kaydedildi,Salvato {0}h fa
Popup.AccountSelect.SavedJustNow,تم الحفظ للتو,Saved just now,Sauvegardé à l'instant,Gerade gespeichert,たった今セーブ,방금 저장됨,Salvo agora mesmo,Guardado ahora mismo,Az önce kaydedildi,Salvato proprio ora
Popup.AccountSelect.SavedMinutesAgo,تم الحفظ قبل {0} دقيقة,Saved {0} min ago,Sauvegardé il y a {0} min,Vor {0} Min. gespeichert,{0}分前にセーブ,{0}분 전 저장됨,Salvo há {0} min,Guardado hace {0} min,{0} dk önce kaydedildi,Salvato {0} min fa
Popup.AccountSelect.SavedUnknown,آخر حفظ: غير معروف,Last save: unknown,Dernière sauvegarde : inconnue,Zuletzt gespeichert: unbekannt,最終セーブ: 不明,마지막 저장: 알 수 없음,Último salvamento: desconhecido,Último guardado: desconocido,Son kayıt: bilinmiyor,Ultimo salvataggio: sconosciuto
Popup.AccountSelect.Title,اختر الحفظ,Choose Save,Choisir la Sauvegarde,Spielstand wählen,セーブを選択,세이브 선택,Escolher Save,Elegir Partida,Kayıt Seç,Scegli Salvataggio
Popup.AccountSelect.UseCloud,استخدم السحابة,Use Cloud,Utiliser Cloud,Cloud verwenden,クラウドを使用,클라우드 사용,Usar Nuvem,Usar Nube,Bulut'u Seç,Usa Cloud
Popup.AccountSelect.UseLocal,استخدم المحلي,Use Local,Utiliser Local,Lokal verwenden,ローカルを使用,로컬 사용,Usar Local,Usar Local,Lokal'i Seç,Usa Locale
Popup.Age.Title,أدخل العمر,Enter Age,Saisir l'Âge,Alter eingeben,年齢入力,나이 입력,Inserir Idade,Introducir Edad,Yaş Gir,Inserisci Età
Popup.Auth.EmailPlaceholder,أدخل البريد الإلكتروني,Enter Email,Saisir l'e-mail,E-Mail eingeben,メールアドレス入力,이메일 입력,Inserir e-mail,Introducir email,E-posta gir,Inserisci email
Popup.Auth.Error.InvalidEmail,الرجاء إدخال بريد إلكتروني صالح,Please enter a valid email,Saisis un e-mail valide,Bitte gültige E-Mail eingeben,有効なメールアドレスを入力してください,유효한 이메일을 입력하세요,Por favor insira um e-mail válido,Introduce un email válido,Lütfen geçerli bir e-posta gir,Inserisci un'email valida
Popup.Auth.PasswordPlaceholder,أدخل كلمة المرور,Enter Password,Saisir le mot de passe,Passwort eingeben,パスワード入力,비밀번호 입력,Inserir senha,Introducir contraseña,Parola gir,Inserisci password
Popup.AutoLoot.AutoSellLower,بيع المستويات الأدنى تلقائياً,Auto sell lower level,Vendre auto si inférieur,Schwächere auto verkaufen,低レベルを自動売却,낮은 레벨 자동 판매,Vender auto se inferior,Vender auto si es inferior,Düşükse oto sat,Vendi auto se inferiore
Popup.AutoLoot.BoxCountInfo,عدد الصناديق المستخدمة,Boxes used at once,Coffres utilisés en une fois,Boxen auf einmal,一度に使うボックス数,한 번에 사용할 상자 수,Caixas usadas por vez,Cajas usadas a la vez,Kullanılacak kutu sayısı,Casse usate per volta
Popup.AutoLoot.FilterLabel,تصفية,Filter,Filtrer,Filter,フィルター,필터,Filtrar,Filtrar,Filtrele,Filtra
Popup.AutoLoot.Keep,احتفظ,Keep,Garder,Behalten,キープ,유지,Manter,Conservar,Seç,Conserva
Popup.AutoLoot.LootButton,جمع,Loot,Récolter,Einsammeln,回収,획득,Coletar,Recoger,Topla,Raccogli
Popup.AutoLoot.Probability,الاحتمالات,Probability,Probabilité,Chancen,確率,확률,Probabilidade,Probabilidad,Oranlar,Probabilità
Popup.AutoLoot.Title,جمع تلقائي,Auto Loot,Récolte Auto,Auto-Sammeln,オートルート,오토 루팅,Loot Auto,Recoger Auto,Oto Topla,Raccolta Auto
Popup.Avatar.Title,اختر الصورة الرمزية,Select Avatar,Choisir un Avatar,Avatar wählen,アバター選択,아바타 선택,Selecionar Avatar,Seleccionar Avatar,Avatar Seç,Seleziona Avatar
Popup.Avatar.UpdateFailed,فشل تحديث الصورة الرمزية.,Failed to update avatar.,Échec de la mise à jour de l'avatar.,Avatar konnte nicht aktualisiert werden.,アバターの更新に失敗しました。,아바타 업데이트에 실패했습니다.,Falha ao atualizar avatar.,Error al actualizar el avatar.,Avatar güncellenemedi.,Impossibile aggiornare l'avatar.
Popup.BattleEnd.Desc.Lost,حظ أوفر في المرة القادمة!,Better luck next time!,Plus de chance la prochaine fois !,Mehr Glück beim nächsten Mal!,次回は頑張ろう!,다음에 더 잘하길!,Mais sorte da próxima!,¡Más suerte la próxima vez!,Bir dahaki sefere daha iyisi!,Più fortuna la prossima volta!
Popup.BattleEnd.Desc.Won,لقد فزت بهذه المعركة!,You won this battle!,Tu as gagné ce combat !,Du hast den Kampf gewonnen!,バトルに勝利しました!,이 전투에서 승리했습니다!,Você venceu esta batalha!,¡Has ganado esta batalla!,Bu savaşı kazandın!,Hai vinto questa battaglia!
Popup.BattleEnd.Title.Defeat,الهزيمة,Defeat,Défaite,Niederlage,敗北,패배,Derrota,Derrota,Yenilgi,Sconfitta
Popup.BattleEnd.Title.Victory,النصر!,Victory!,Victoire !,Sieg!,勝利!,승리!,Vitória!,¡Victoria!,Zafer!,Vittoria!
Popup.BossRush.Boss,الزعيم #{0}: {1},Boss #{0}: {1},Boss #{0} : {1},Boss #{0}: {1},ボス #{0}: {1},보스 #{0}: {1},Chefe #{0}: {1},Jefe #{0}: {1},Boss #{0}: {1},Boss #{0}: {1}
Popup.BossRush.Ending,ينتهي,Ending,Se termine,Endet,終了間近,종료 임박,Termina em breve,Termina pronto,Bitiyor,Termina
Popup.BossRush.EventEnded,انتهت الفعالية,Event Ended,Événement terminé,Event beendet,イベント終了,이벤트 종료,Evento Encerrado,Evento Terminado,Etkinlik Sona Erdi,Evento terminato
Popup.BossRush.FightCount,{0}/{1}\nقتال,{0}/{1}\nFight,{0}/{1}\nCombat,{0}/{1}\nKampf,{0}/{1}\nバトル,{0}/{1}\n전투,{0}/{1}\nCombate,{0}/{1}\nCombate,{0}/{1}\nSavaş,{0}/{1}\nCombattimento
Popup.BossRush.NextIn,التالي خلال\n{0},Next in\n{0},Prochain dans\n{0},Nächster in\n{0},次まで\n{0},다음까지\n{0},Próximo em\n{0},Próximo en\n{0},Sıradaki\n{0},Prossimo tra\n{0}
Popup.BossRush.NoFightsRemaining,لا قتالات متبقية اليوم!,No fights remaining today!,Aucun combat restant aujourd'hui !,Keine Kämpfe mehr heute!,本日の挑戦回数が残っていません!,오늘 남은 전투가 없습니다!,Sem combates restantes hoje!,¡No quedan combates hoy!,Bugün için savaş kalmadı!,Nessun combattimento rimasto oggi!
Popup.BossRush.ResultsPreparing,جاري تحضير النتائج,Results are being prepared,Préparation des résultats,Ergebnisse werden vorbereitet,結果を準備中,결과 준비 중,Preparando resultados,Preparando resultados,Sonuçlar hazırlanıyor,Preparazione risultati
Popup.BossRushClaim.ClaimFailed,فشل استلام المكافآت. يرجى المحاولة مجدداً.,Failed to claim rewards. Please try again.,Échec de la réclamation. Réessaie.,Belohnungen konnten nicht eingelöst werden. Bitte erneut versuchen.,報酬の受け取りに失敗しました。再度お試しください。,보상을 수령하지 못했습니다. 다시 시도하세요.,Falha ao resgatar recompensas. Tente novamente.,Error al reclamar recompensas. Inténtalo de nuevo.,Ödüller alınamadı. Lütfen tekrar deneyin.,Impossibile riscattare le ricompense. Riprova.
Popup.BossRushClaim.Placement,الترتيب: {0},Placement: {0},Classement : {0},Platzierung: {0},順位: {0},순위: {0},Posição: {0},Posición: {0},Sıralama: {0},Posizione: {0}
Popup.BossRushClaim.Title,نتائج اندفاع الزعماء,Boss Rush Results,Résultats de l'Assaut des Boss,Boss-Ansturm-Ergebnisse,ボスラッシュ結果,보스 러쉬 결과,Resultados da Caçada aos Chefes,Resultados de Asalto de Jefes,Boss Akını Sonuçları,Risultati Assalto Boss
Popup.BossRushEnd.Continue,متابعة,Continue,Continuer,Weiter,続ける,계속,Continuar,Continuar,Devam,Continua
Popup.BossRushEnd.DamageDealt,الضرر المُسبَّب: {0},Damage Dealt: {0},Dégâts infligés : {0},Verursachter Schaden: {0},与ダメージ: {0},가한 데미지: {0},Dano causado: {0},Daño infligido: {0},Verilen Hasar: {0},Danno inflitto: {0}
Popup.BossRushEnd.Ok,موافق,Ok,OK,OK,OK,OK,OK,OK,Tamam,OK
Popup.BossRushEnd.ResultsFailed,فشل الحصول على نتائج المعركة.,Failed to get battle results.,Échec de la récupération des résultats.,Kampfergebnisse konnten nicht abgerufen werden.,バトル結果の取得に失敗しました。,전투 결과를 가져오지 못했습니다.,Falha ao obter resultados do combate.,Error al obtener resultados del combate.,Savaş sonuçları alınamadı.,Impossibile ottenere i risultati.
Popup.BossRushEnd.TeamDamage,ضرر الفريق: {0},Team Damage: {0},Dégâts d'équipe : {0},Team-Schaden: {0},チームダメージ: {0},팀 데미지: {0},Dano da equipe: {0},Daño de equipo: {0},Takım Hasarı: {0},Danno squadra: {0}
Popup.BossRushEnd.Title,اكتمل القتال!,Fight Complete!,Combat terminé !,Kampf abgeschlossen!,バトル完了!,전투 완료!,Combate concluído!,¡Combate completado!,Savaş Tamamlandı!,Combattimento completato!
Popup.BossRushJoin.Description.Active,قاتل مع فريق من 8 لاعبين وتحدَّ الزعماء.,Fight with an 8-player team and challenge bosses.,Combats avec une équipe de 8 joueurs et défie les boss.,Kämpfe mit einem 8er-Team und fordere Bosse heraus.,8人チームでボスに挑戦しよう。,8인 팀으로 보스에 도전하세요.,Lute com um time de 8 jogadores e enfrente os chefes.,Lucha con un equipo de 8 y desafía a los jefes.,8 kişilik bir takımla savaş ve bossları yen.,Combatti con una squadra di 8 e sfida i boss.
Popup.BossRushJoin.Description.Inactive,لا فعاليات اليوم.,No events today.,Pas d'événement aujourd'hui.,Keine Events heute.,本日のイベントはありません。,오늘 이벤트가 없습니다.,Sem eventos hoje.,No hay eventos hoy.,Bugün etkinlik yok.,Nessun evento oggi.
Popup.BossRushJoin.EndsIn,ينتهي خلال: {0},Ends in: {0},Se termine dans : {0},Endet in: {0},終了まで: {0},종료까지: {0},Termina em: {0},Termina en: {0},Bitişe: {0},Termina tra: {0}
Popup.BossRushJoin.EventEnding,الفعالية تنتهي,Event ending,L'événement se termine,Event endet,イベント終了間近,이벤트 종료 임박,Evento terminando,Evento terminando,Etkinlik bitiyor,Evento in chiusura
Popup.BossRushJoin.JoinButton,انضم,Join,Rejoindre,Beitreten,参加,참여,Entrar,Unirse,Katıl,Unisciti
Popup.BossRushJoin.OkButton,موافق,Ok,OK,OK,OK,OK,OK,OK,Tamam,OK
Popup.BossRushJoin.StartsIn,يبدأ خلال {0},Starts in {0},Commence dans {0},Beginnt in {0},開始まで {0},시작까지 {0},Começa em {0},Empieza en {0},Başlangıca {0},Inizia tra {0}
Popup.BossRushJoin.Title,اندفاع الزعماء,Boss Rush,Assaut des Boss,Boss-Ansturm,ボスラッシュ,보스 러쉬,Caçada aos Chefes,Asalto de Jefes,Boss Akını,Assalto Boss
Popup.BossRushRewards.GuarenteedRewardsTitle,مكافآت مضمونة,Guaranteed Rewards,Récompenses garanties,Garantierte Belohnungen,確定報酬,확정 보상,Recompensas garantidas,Recompensas garantizadas,Garantili Ödüller,Ricompense garantite
Popup.BossRushRewards.RewardsTitle,المكافآت,Rewards,Récompenses,Belohnungen,報酬,보상,Recompensas,Recompensas,Ödüller,Ricompense
Popup.BossRushRewards.YourPlacement,ترتيبك: {0},Your placement: {0},Ton classement : {0},Deine Platzierung: {0},あなたの順位: {0},내 순위: {0},Sua posição: {0},Tu posición: {0},Sıralaman: {0},La tua posizione: {0}
Popup.BugReport.DescriptionPlaceholder,صف المشكلة...,Describe the issue...,Décrivez le problème...,Beschreibe das Problem...,問題を説明してください...,문제를 설명해 주세요...,Descreva o problema...,Describe el problema...,Sorunu açıkla...,Descrivi il problema...
Popup.BugReport.Header,الإبلاغ عن خطأ,Report a Bug,Signaler un bug,Fehler melden,バグを報告,버그 신고,Reportar um bug,Reportar un error,Hata Bildir,Segnala un bug
Popup.BugReport.Send,إرسال,Send,Envoyer,Senden,送信,보내기,Enviar,Enviar,Gönder,Invia
Popup.BugReport.TitlePlaceholder,العنوان,Title,Titre,Titel,タイトル,제목,Título,Título,Başlık,Titolo
Popup.Cape.ShowCloak,عرض العباءة,Show Cloak,Voir la Cape,Umhang zeigen,マントを表示,망토 보기,Mostrar Manto,Mostrar Capa,Pelerini Göster,Mostra Mantello
Popup.Cape.SummonButton,استدعاء x1,Summon x1,Invoquer x1,Beschwören x1,召喚 x1,소환 x1,Invocar x1,Invocar x1,Çağır x1,Evoca x1
Popup.CapeUpgrade.Title,العباءات,Cloaks,Capes,Umhänge,マント,망토,Mantos,Capas,Pelerinler,Mantelli
Popup.CapeUpgradeInfo.Info,معدلات الاستدعاء,Summon Rates,Taux d'Invocation,Beschwörungsraten,召喚確率,소환 확률,Taxas de Invocação,Tasas de Invocación,Çıkma Oranları,Tassi di Evocazione
Popup.Clan.Clan.ClanBannerEditorPopup.ClanBannerEditorTitle,,Clan Banner Editor,,,,,,,,
Popup.Clan.ClanInfoPopup.PowerLabel,,Power,,,,,,,,
Popup.Clan.ClanInfoPopup.TierLabel,,Tier,,,,,,,,
Popup.Clan.ClanInfoPopup.TypeLabel,,Type,,,,,,,,
Popup.Clan.ClanSettingsPopup.DescriptionLabel,,Description,,,,,,,,
Popup.Clan.ClanSettingsPopup.Save,,Save,,,,,,,,
Popup.Clan.ClanSettingsPopup.TagPlaceholder,,Tag...,,,,,,,,
Popup.Clan.CreateClanPopup.ClanDescriptionPlaceholder,,Description...,,,,,,,,
Popup.Clan.CreateClanPopup.ClanNamePlaceholder,,Clan Name...,,,,,,,,
Popup.Clan.CreateClanPopup.CreateLabel,,Create,,,,,,,,
Popup.Clan.CreateClanPopup.EnterClanName,,Enter Clan Name,,,,,,,,
Popup.Clan.CreateClanPopup.PublicLabel,,Public,,,,,,,,
Popup.Clan.CreateClanPopup.TagPlaceholder,,Tag...,,,,,,,,
Popup.CloudSave.Description,احفظ تقدمك في السحابة حتى لا تفقده أبدًا — حتى لو غيّرت جهازك.,Save your progress to the cloud so you never lose it even if you change devices.,Sauvegardez votre progression dans le cloud pour ne jamais la perdre — même en cas de changement d'appareil.,"Sichere deinen Fortschritt in der Cloud, damit nichts verloren geht – auch beim Gerätewechsel.",進行状況をクラウドに保存すれば、機種変更してもデータが消える心配はありません。,진행 상황을 클라우드에 백업하면 기기를 바꿔도 데이터가 사라지지 않아요.,Salve seu progresso na nuvem para nunca perdê-lo — mesmo ao trocar de aparelho.,"Guarda tu progreso en la nube para no perderlo nunca, aunque cambies de dispositivo.","İlerlemeni buluta yedekle, cihaz değiştirsen bile kaybetme.","Salva i tuoi progressi nel cloud per non perderli mai, anche se cambi dispositivo."
Popup.CloudSave.Title,النسخ الاحتياطي السحابي,Cloud Backup,Sauvegarde dans le cloud,Cloud-Backup,クラウドバックアップ,클라우드 백업,Backup na nuvem,Copia de seguridad en la nube,Bulut Yedekleme,Backup su cloud
Popup.Companion.TierHeader,المرتبة,Tier,Palier,Rang,ティア,티어,Nível,Nivel,Aşama,Grado
Popup.Companion.Title,الرفاق,Companions,Compagnons,Begleiter,仲間,동료,Companheiros,Compañeros,Yoldaşlar,Compagni
Popup.Country.Title,اختر الدولة,Select Country,Choisir le Pays,Land wählen,国を選択,국가 선택,Selecionar País,Seleccionar País,Ülke Seç,Seleziona Paese
Popup.Country.UpdateFailed,فشل تحديث الدولة.,Failed to update country.,Échec de la mise à jour du pays.,Land konnte nicht aktualisiert werden.,国の更新に失敗しました。,국가 업데이트에 실패했습니다.,Falha ao atualizar país.,Error al actualizar el país.,Ülke güncellenemedi.,Impossibile aggiornare il paese.
Popup.DungeonEnd.BossRushDamageDealt,الضرر المُسبَّب: {0},Damage Dealt: {0},Dégâts infligés : {0},Verursachter Schaden: {0},与ダメージ: {0},가한 데미지: {0},Dano causado: {0},Daño infligido: {0},Verilen Hasar: {0},Danno inflitto: {0}
Popup.DungeonEnd.BossRushTeamDamage,ضرر الفريق: {0},Team Damage: {0},Dégâts d'équipe : {0},Team-Schaden: {0},チームダメージ: {0},팀 데미지: {0},Dano da equipe: {0},Daño de equipo: {0},Takım Hasarı: {0},Danno squadra: {0}
Popup.DungeonEnd.BossRushTitle,اكتمل القتال!,Fight Complete!,Combat terminé !,Kampf abgeschlossen!,バトル完了!,전투 완료!,Combate concluído!,¡Combate completado!,Dövüş Tamamlandı!,Combattimento completato!
Popup.DungeonEnd.DefeatDescription,حظ أوفر في المرة القادمة!,Better luck next time!,Plus de chance la prochaine fois !,Mehr Glück beim nächsten Mal!,次回は頑張ろう!,다음에 더 잘하길!,Mais sorte da próxima!,¡Más suerte la próxima vez!,Bir dahaki sefere bol şans!,Più fortuna la prossima volta!
Popup.DungeonEnd.DefeatTitle,الهزيمة,Defeat,Défaite,Niederlage,敗北,패배,Derrota,Derrota,Yenilgi,Sconfitta
Popup.DungeonEnd.SuccessTitle,تم الإكمال,Completed,Terminé,Abgeschlossen,クリア,완료,Concluído,Completado,Tamamlandı,Completato
Popup.Enchantment.Buff,قوة الأثر +{0}%,Relic Power +{0}%,Puissance de relique +{0}%,Reliktkraft +{0}%,レリックパワー +{0}%,유물 위력 +{0}%,Poder de relíquia +{0}%,Poder de reliquia +{0}%,Relik Gücü +{0}%,Potere reliquia +{0}%
Popup.Enchantment.Dismantle,تفكيك,Dismantle,Démanteler,Zerlegen,分解,분해,Desmontar,Desmantelar,Parçala,Smonta
Popup.Enchantment.Equip,تجهيز,Equip,Équiper,Ausrüsten,装備,장착,Equipar,Equipar,Kuşan,Equipaggia
Popup.Enchantment.Merge,دمج,Merge,Fusionner,Kombinieren,合成,합치기,Combinar,Combinar,Birleştir,Unisci
Popup.Enchantment.MergeAll,دمج الكل,Merge All,Tout fusionner,Alle kombinieren,すべて合成,모두 합치기,Combinar tudo,Combinar todo,Hepsini Birleştir,Unisci tutto
Popup.Enchantment.MergeTitle,دمج,Merge,Fusionner,Kombinieren,合成,합치기,Combinar,Combinar,Birleştir,Unisci
Popup.Enchantment.QuickEquip,تجهيز سريع,Quick Equip,Équipement rapide,Schnell ausrüsten,クイック装備,빠른 장착,Equipar rápido,Equipar rápido,Hızlı Kuşan,Equip. rapido
Popup.Enchantment.Tier,أثر +{0},Relic +{0},Relique +{0},Relikt +{0},レリック +{0},유물 +{0},Relíquia +{0},Reliquia +{0},Relik +{0},Reliquia +{0}
Popup.Enchantment.TierRatesTitle,فرص الرتبة,Tier Chances,Chances de palier,Stufen-Chancen,ティア確率,등급 확률,Chances de tier,Probabilidades de nivel,Tier Şansları,Probabilità livello
Popup.Enchantment.Title,تعويذة,Enchantment,Enchantement,Verzauberung,エンチャント,마법 부여,Encantamento,Encantamiento,Büyü,Incantesimo
Popup.Enchantment.Unequip,إلغاء التجهيز,Unequip,Déséquiper,Ablegen,装備解除,장착 해제,Desequipar,Desequipar,Çıkar,Rimuovi
Popup.ForceUpdate.Title,أضفنا ميزات جديدة وأصلحنا بعض الأخطاء. حدّث الآن وعد إلى الإثارة!,We have added new features and fixed some bugs. Update now to jump back into the action!,On a ajouté de nouvelles fonctionnalités et corrigé des bugs. Mets à jour pour replonger dans l'action !,Wir haben neue Funktionen hinzugefügt und Fehler behoben. Aktualisiere jetzt und kehre ins Spiel zurück!,新機能の追加とバグ修正を行いました。今すぐ更新してゲームに戻りましょう!,새로운 기능을 추가하고 버그를 수정했습니다. 지금 업데이트하고 다시 즐기세요!,Adicionamos novos recursos e corrigimos bugs. Atualize agora e volte para a ação!,Hemos añadido nuevas funciones y corregido errores. ¡Actualiza ahora y vuelve a la acción!,Yeni özellikler ekledik ve bazı hataları düzelttik. Hemen güncelle ve oyuna geri dön!,Abbiamo aggiunto nuove funzionalità e corretto bug. Aggiorna ora e torna all'azione!
Popup.ForceUpdate.UpdateButton,تحديث,Update,Mettre à jour,Aktualisieren,更新,업데이트,Atualizar,Actualizar,Güncelle,Aggiorna
Popup.GameSpeed.Description,"زِد سرعة اللعبة واكسب الغنائم بسرعة لمدة محدودة.
يزيد أيضاً من سرعة وضع الزنزانة!","Boost your game speed and earn loot faster for a limited time. 
Also increases dungeon mode speed!","Boost ta vitesse de jeu et gagne du butin plus vite pour une durée limitée.
Augmente aussi la vitesse du mode donjon !","Erhöhe deine Spielgeschwindigkeit und sammle Beute schneller für begrenzte Zeit.
Erhöht auch die Geschwindigkeit im Verlies-Modus!","一定時間ゲームスピードを上げてアイテムを早く獲得。
ダンジョンモードのスピードもアップ!","제한 시간 동안 게임 속도를 높여 더 빠르게 전리품을 획득하세요.
던전 모드 속도도 증가합니다!","Aumente a velocidade do jogo e ganhe loot mais rápido por tempo limitado.
Também aumenta a velocidade do modo masmorra!","Aumenta la velocidad del juego y consigue botín más rápido por tiempo limitado.
¡También aumenta la velocidad del modo mazmorra!","Sınırlı bir süre için oyun hızını artır ve daha hızlı ganimet kazan.
Ayrıca zindan modu hızını da artırır!","Aumenta la velocità di gioco e ottieni bottino più veloce per un tempo limitato.
Aumenta anche la velocità della modalità dungeon!"
Popup.GameSpeed.NotActive,غير مفعّل,Not Active,Inactif,Inaktiv,未使用,비활성,Inativo,Inactivo,Aktif Değil,Non Attivo
Popup.GameSpeed.Title,سرعة اللعبة,Game Speed,Vitesse de Jeu,Spielgeschwindigkeit,ゲームスピード,게임 속도,Velocidade do Jogo,Velocidad de Juego,Oyun Hızı,Velocità di Gioco
Popup.Language.Title,اختر اللغة,Select Language,Choisir la Langue,Sprache wählen,言語を選択,언어 선택,Selecionar Idioma,Seleccionar Idioma,Dil Seç,Seleziona Lingua
Popup.Level.Complete,أكمل!,Complete!,Terminé !,Fertig!,クリア!,완료!,Concluir!,¡Completar!,Tamamla!,Completa!
Popup.Level.Info,جدول الندرة,Rarity Table,Table des Raretés,Seltenheitstabelle,レアリティ表,레어도 표,Tabela de Raridade,Tabla de Rarezas,Nadirlik Tablosu,Tabella Rarità
Popup.Level.LevelUp,المستوى {0}!,Level {0}!,Niveau {0} !,Stufe {0}!,レベル {0}!,레벨 {0}!,Nível {0}!,¡Nivel {0}!,Seviye {0}!,Livello {0}!
Popup.Level.Maxed,الأقصى,MAXED,MAX,MAX,最大,최대,MÁX,MÁX,MAKS,MAX
Popup.Level.RewardsTitle,المكافآت,Rewards,Récompenses,Belohnungen,報酬,보상,Recompensas,Recompensas,Ödüller,Ricompense
Popup.Level.TierHeader,المرتبة,Tier,Palier,Rang,ティア,티어,Nível,Nivel,Aşama,Grado
Popup.Mastery.Title,الإتقان,Mastery,Maîtrise,Meisterschaft,熟練度,숙련도,Maestria,Maestría,Ustalık,Maestria
Popup.Mining.Depth,العمق: {0},Depth: {0},Profondeur : {0},Tiefe: {0},深さ: {0},깊이: {0},Profundidade: {0},Profundidad: {0},Derinlik: {0},Profondità: {0}
Popup.Mining.NextIn,التالي خلال: {0},Next in: {0},Prochain dans : {0},Nächster in: {0},次まで: {0},다음까지: {0},Próximo em: {0},Próximo en: {0},Sonraki: {0},Prossimo tra: {0}
Popup.Mining.Title,التعدين,Mining,Mine,Mine,採掘,채굴,Mineração,Mina,Maden,Miniera
Popup.MiningRarity.Coal,فحم,Coal,Charbon,Kohle,石炭,석탄,Carvão,Carbón,Kömür,Carbone
Popup.MiningRarity.Diamond,ألماس,Diamond,Diamant,Diamant,ダイヤ,다이아,Diamante,Diamante,Elmas,Diamante
Popup.MiningRarity.Emerald,زمرد,Emerald,Émeraude,Smaragd,エメラルド,에메랄드,Esmeralda,Esmeralda,Zümrüt,Smeraldo
Popup.MiningRarity.Gold,ذهب,Gold,Or,Gold,金,금,Ouro,Oro,Altın,Oro
Popup.MiningRarity.Iron,حديد,Iron,Fer,Eisen,鉄,철,Ferro,Hierro,Demir,Ferro
Popup.MiningRarity.OreLabel,خام,Ore,Minerai,Erz,鉱石,광석,Minério,Mineral,Cevher,Minerale
Popup.MiningRarity.Ruby,ياقوت,Ruby,Rubis,Rubin,ルビー,루비,Rubi,Rubí,Yakut,Rubino
Popup.MiningRarity.Stone,حجر,Stone,Pierre,Stein,石,돌,Pedra,Piedra,Taş,Pietra
Popup.MiningRarity.Title,ندرة التعدين,Mining Rarity,Raretés du Minage,Mine-Seltenheiten,採掘レアリティ,채굴 레어도,Raridade da Mineração,Rarezas de Mina,Maden Oranları,Rarità Miniera
Popup.NewForge.EquipButton,تجهيز,Equip,Équiper,Ausrüsten,装備,장착,Equipar,Equipar,Kuşan,Equipaggia
Popup.NewForge.EquippedTitle,مُجهَّز,Equipped,Équipé,Ausgerüstet,装備中,장착 중,Equipado,Equipado,Kuşanılmış,Equipaggiato
Popup.NewForge.NewTag,جديد,NEW,NOUV,NEU,NEW,NEW,NOVO,NUEVO,YENİ,NUOVO
Popup.NewForge.NewTitle,جديد,New,Nouveau,Neu,新規,신규,Novo,Nuevo,Yeni,Nuovo
Popup.NewForge.SellButton,بيع,Sell,Vendre,Verkaufen,売却,판매,Vender,Vender,Sat,Vendi
Popup.NewForge.SellConfirm,العنصر الذي تبيعه أقوى من المُجهَّز. هل تريد البيع رغم ذلك؟,The item you are selling is stronger than your equipped item. Sell anyway?,L'objet que tu vends est plus fort que celui équipé. Vendre quand même ?,Der Gegenstand ist stärker als der ausgerüstete. Trotzdem verkaufen?,売却するアイテムは装備中より強力です。それでも売却しますか?,판매하려는 아이템이 장착 중인 것보다 강합니다. 그래도 판매하시겠습니까?,O item que você está vendendo é mais forte que o equipado. Vender mesmo assim?,El objeto que vendes es más fuerte que el equipado. ¿Vender de todos modos?,"Sattığın eşya, kuşandığından daha güçlü. Yine de satılsın mı?",L'oggetto che stai vendendo è più forte di quello equipaggiato. Vendere comunque?
Popup.Nickname.Error.ChangeFailed,فشل تغيير الاسم. حاول مجدداً.,Name change failed. Try again.,Échec du changement. Réessaie.,Namensänderung fehlgeschlagen. Erneut versuchen.,名前変更失敗。再試行してください。,이름 변경 실패. 다시 시도하세요.,Falha ao alterar nome. Tente novamente.,Error al cambiar nombre. Inténtalo de nuevo.,İsim değişikliği başarısız. Tekrar deneyin.,Modifica nome fallita. Riprova.
Popup.Nickname.Error.InvalidChars,حرف غير صالح!,Invalid Character!,Caractère invalide !,Ungültiges Zeichen!,無効な文字です!,잘못된 문자입니다!,Caractere inválido!,¡Carácter inválido!,Geçersiz karakter!,Carattere non valido!
Popup.Nickname.Error.Length,الاسم يجب أن يكون 3-15 حرفاً,Name must be 3-15 characters,Le nom doit faire 3 à 15 caractères,Name muss 3-15 Zeichen lang sein,名前は3〜15文字で入力してください,이름은 3-15자여야 합니다,O nome deve ter 3-15 caracteres,El nombre debe tener 3-15 caracteres,İsim 3-15 karakter olmalı,Il nome deve essere di 3-15 caratteri
Popup.Nickname.Error.Profanity,الاسم يحتوي على ألفاظ غير لائقة,Name contains inappropriate language,Le nom contient un langage inapproprié,Name enthält unangemessene Sprache,名前に不適切な表現が含まれています,이름에 부적절한 표현이 포함되어 있습니다,O nome contém linguagem inapropriada,El nombre contiene lenguaje inapropiado,İsim uygunsuz ifade içeriyor,Il nome contiene linguaggio inappropriato
Popup.Nickname.Error.RegisterFailed,فشل التسجيل. حاول مجدداً.,Registration failed. Try again.,Échec de l'inscription. Réessaie.,Registrierung fehlgeschlagen. Erneut versuchen.,登録失敗。再試行してください。,가입 실패. 다시 시도하세요.,Falha no cadastro. Tente novamente.,Error en el registro. Inténtalo de nuevo.,Kayıt başarısız. Tekrar deneyin.,Registrazione fallita. Riprova.
Popup.Nickname.Placeholder,أدخل الاسم المستعار...,Enter Nickname...,Saisir un pseudo...,Nickname eingeben...,ニックネームを入力...,닉네임 입력...,Inserir apelido...,Introducir apodo...,Takma Ad Gir...,Inserisci nickname...
Popup.Nickname.Title,أدخل الاسم المستعار,Enter Nickname,Saisir un Pseudo,Nickname eingeben,ニックネーム入力,닉네임 입력,Inserir Apelido,Introducir Apodo,Takma Ad Gir,Inserisci Nickname
Popup.NoConnection.CheckButton,تحقق,Check,Vérifier,Prüfen,確認,확인,Verificar,Comprobar,Kontrol Et,Verifica
Popup.NoConnection.Description,يرجى التحقق من الاتصال والمحاولة مجدداً.,Please check your connection and try again.,Vérifie ta connexion et réessaie.,Bitte Verbindung prüfen und erneut versuchen.,接続を確認してもう一度お試しください。,연결을 확인하고 다시 시도하세요.,Verifique sua conexão e tente novamente.,Comprueba tu conexión e inténtalo de nuevo.,Bağlantınızı kontrol edip tekrar deneyin,Controlla la connessione e riprova.
Popup.NoConnection.Title,لا يوجد اتصال بالإنترنت,No internet connection,Pas de connexion Internet,Keine Internetverbindung,インターネット接続なし,인터넷 연결 없음,Sem conexão com a Internet,Sin conexión a Internet,İnternet bağlantısı yok,Nessuna connessione Internet
Popup.Offer.Title,عرض السلاح,Weapon Offer,Offre d'Arme,Waffenangebot,武器オファー,무기 오퍼,Oferta de Arma,Oferta de Arma,Silah Teklifi,Offerta Arma
Popup.OfflineEarnings.DoubleButton,استلام x2,Collect x2,Récolter x2,Einsammeln x2,受け取り x2,획득 x2,Coletar x2,Recoger x2,2x Topla,Raccogli x2
Popup.OfflineEarnings.Experience,اكتسب {0} خبرة,Earned {0} experience,{0} d'expérience gagnée,{0} Erfahrung erhalten,{0}の経験値を獲得,{0} 경험치 획득,{0} de experiência ganha,{0} de experiencia obtenida,{0} tecrübe kazanıldı,{0} di esperienza guadagnata
Popup.OfflineEarnings.MaxReward,الحد الأقصى - {0},Max Reward - {0},Récompense max - {0},Max. Belohnung - {0},最大報酬 - {0},최대 보상 - {0},Recompensa máx - {0},Recompensa máx - {0},Maks. Ödül - {0},Ricompensa max - {0}
Popup.OfflineEarnings.PerHour,{0}/س,{0}/h,{0}/h,{0}/Std,{0}/時,{0}/시,{0}/h,{0}/h,{0}/sa,{0}/h
Popup.OfflineEarnings.PerMinute,{0}/د,{0}/m,{0}/m,{0}/Min,{0}/分,{0}/분,{0}/m,{0}/m,{0}/dk,{0}/m
Popup.OfflineEarnings.Summary,أثناء غيابك لمدة {0}\nواصل بطلك القتال\n\nهزم {1} عدو\nووجد {2} صندوق غنيمة,While you were away for {0}\nyour hero continued fighting\n\nDefeated {1} enemies\nFound {2} loot boxes,Pendant ton absence de {0}\nton héros a continué à combattre\n\n{1} ennemis vaincus\n{2} coffres de butin trouvés,Während du {0} weg warst\nhat dein Held weitergekämpft\n\n{1} Gegner besiegt\n{2} Beutekisten gefunden,離れていた{0}の間\nヒーローは戦い続けました\n\n敵を{1}体倒しました\n{2}個の宝箱を発見しました,{0} 동안 자리를 비운 사이\n당신의 영웅이 계속 전투했습니다\n\n적 {1}명 처치\n전리품 상자 {2}개 발견,Enquanto você esteve ausente por {0}\nseu herói continuou lutando\n\n{1} inimigos derrotados\n{2} baús de saque encontrados,Mientras estuviste ausente durante {0}\ntu héroe siguió luchando\n\n{1} enemigos derrotados\n{2} cofres de botín encontrados,{0} boyunca uzaktayken\nkahramanın savaşmaya devam etti\n\n{1} düşman yendi\n{2} ganimet sandığı buldu,Mentre eri via per {0}\nil tuo eroe ha continuato a combattere\n\n{1} nemici sconfitti\n{2} casse del bottino trovate
Popup.OfflineEarnings.Title,ملخص المعركة,Combat Summary,Résumé du Combat,Kampfübersicht,バトルサマリー,전투 요약,Resumo de Combate,Resumen de Combate,Savaş Özeti,Riepilogo Combattimento
Popup.Profile.AccountInfo,{0} · آخر مزامنة: {1},{0} · Last sync: {1},{0} · Dernière synchro : {1},{0} · Letzte Sync: {1},{0} · 最終同期: {1},{0} · 마지막 동기화: {1},{0} · Última sinc.: {1},{0} · Última sinc.: {1},{0} · Son eşitleme: {1},{0} · Ultima sync: {1}
Popup.Profile.AccountLabel,الحساب,Account,Compte,Konto,アカウント,계정,Conta,Cuenta,Hesap,Account
Popup.Profile.Button.Discord,ديسكورد,Discord,Discord,Discord,Discord,Discord,Discord,Discord,Discord,Discord
Popup.Profile.Button.Restore,استعادة,Restore,Restaurer,Wiederherstellen,復元,복원,Restaurar,Restaurar,Geri Yükle,Ripristina
Popup.Profile.Button.SyncNow,مزامنة الآن,Sync Now,Synchroniser maintenant,Jetzt synchronisieren,今すぐ同期,지금 동기화,Sincronizar agora,Sincronizar ahora,Şimdi Eşitle,Sincronizza ora
Popup.Profile.Header.Profile,الملف الشخصي,Profile,Profil,Profil,プロフィール,프로필,Perfil,Perfil,Profil,Profilo
Popup.Profile.Header.Settings,الإعدادات,Settings,Paramètres,Einstellungen,設定,설정,Configurações,Ajustes,Ayarlar,Impostazioni
Popup.Profile.Section.Country,الدولة,Country,Pays,Land,国,국가,País,País,Ülke,Paese
Popup.Profile.Section.Language,اللغة,Language,Langue,Sprache,言語,언어,Idioma,Idioma,Dil,Lingua
Popup.Profile.Section.Music,الموسيقى,Music,Musique,Musik,音楽,음악,Música,Música,Müzik,Musica
Popup.Profile.Section.RestorePurchase,استعادة المشتريات,Restore Purchase,Restaurer les achats,Käufe wiederherstellen,購入を復元,구입 복원,Restaurar compras,Restaurar compras,Satın Alımları Geri Yükle,Ripristina acquisti
Popup.Profile.Section.Sound,المؤثرات الصوتية,Sound FX,Effets sonores,Soundeffekte,効果音,효과음,Efeitos Sonoros,Efectos de sonido,Ses Efekti,Effetti sonori
Popup.Profile.Section.Vibration,الاهتزاز,Vibration,Vibration,Vibration,バイブレーション,진동,Vibração,Vibración,Titreşim,Vibrazione
Popup.Profile.SetNicknameFirst,حدد اسم مستعار أولاً لربط حسابك,Set a nickname first to link your account,Choisis d'abord un pseudo pour lier ton compte,"Lege zuerst einen Nicknamen fest, um dein Konto zu verknüpfen",アカウント連携にはまずニックネームを設定してください,계정 연동을 위해 먼저 닉네임을 설정하세요,Defina um apelido primeiro para vincular sua conta,Establece un apodo primero para vincular tu cuenta,Hesabını bağlamak için önce bir takma ad belirle,Imposta prima un nickname per collegare l'account
Popup.Profile.SignInUp,تسجيل الدخول / الاشتراك,Sign In / Up,Se connecter / S'inscrire,Anmelden / Registrieren,サインイン / 登録,로그인 / 가입,Entrar / Cadastrar,Iniciar sesión / Registrarse,Giriş / Kayıt,Accedi / Registrati
Popup.Profile.SignOut,تسجيل الخروج,Sign Out,Se déconnecter,Abmelden,サインアウト,로그아웃,Sair,Cerrar sesión,Çıkış Yap,Disconnetti
Popup.Profile.SignOutFailed,فشل تسجيل الخروج,Sign-out failed,Échec de la déconnexion,Abmeldung fehlgeschlagen,サインアウト失敗,로그아웃 실패,Falha ao sair,Error al cerrar sesión,Çıkış başarısız,Disconnessione fallita
Popup.Profile.SignedOut,تم تسجيل الخروج,Signed out,Déconnecté,Abgemeldet,サインアウト完了,로그아웃 완료,Desconectado,Sesión cerrada,Çıkış yapıldı,Disconnesso
Popup.Profile.SyncFailed,فشلت المزامنة، حاول لاحقاً,"Sync failed, try again later","Échec de synchro, réessaie plus tard","Sync fehlgeschlagen, später erneut versuchen",同期失敗、後でもう一度お試しください,"동기화 실패, 잠시 후 다시 시도하세요","Falha na sinc., tente novamente mais tarde","Error de sinc., inténtalo más tarde","Eşitleme başarısız, daha sonra tekrar deneyin","Sync fallita, riprova più tardi"
Popup.Profile.SyncedRecently,تمت المزامنة مؤخراً، حاول لاحقاً,"Synced recently, try again later","Synchro récente, réessaie plus tard","Kürzlich synchronisiert, später erneut versuchen",最近同期済み、後でもう一度お試しください,"최근 동기화됨, 잠시 후 다시 시도하세요","Sinc. recente, tente novamente mais tarde","Sinc. reciente, inténtalo más tarde","Yakın zamanda eşitlendi, daha sonra tekrar deneyin","Sync recente, riprova più tardi"
Popup.Profile.SyncedToCloud,تمت المزامنة مع السحابة,Synced to cloud,Synchronisé au cloud,Mit Cloud synchronisiert,クラウドに同期しました,클라우드에 동기화됨,Sincronizado na nuvem,Sincronizado en la nube,Buluta eşitlendi,Sincronizzato sul cloud
Popup.Profile.Tab.Profile,الملف الشخصي,Profile,Profil,Profil,プロフィール,프로필,Perfil,Perfil,Profil,Profilo
Popup.Profile.Tab.Settings,الإعدادات,Settings,Paramètres,Einstellungen,設定,설정,Configurações,Ajustes,Ayarlar,Impostazioni
Popup.Profile.UserIdCopied,تم نسخ معرّف المستخدم,User ID copied,Identifiant utilisateur copié,Benutzer-ID kopiert,ユーザーIDをコピーしました,사용자 ID가 복사되었습니다,ID do usuário copiado,ID de usuario copiado,Kullanıcı ID'si kopyalandı,ID utente copiato
Popup.PvP.AppliedPendingRewards,تم تطبيق مكافآت PvP المعلقة.,Applied pending PvP rewards.,Récompenses PvP en attente appliquées.,Ausstehende PvP-Belohnungen erhalten.,保留中のPvP報酬を反映しました。,대기 중인 PvP 보상이 적용되었습니다.,Recompensas PvP pendentes aplicadas.,Recompensas PvP pendientes aplicadas.,Bekleyen PvP ödülleri uygulandı.,Ricompense PvP in sospeso applicate.
Popup.PvP.ChooseOpponent,اختر خصمك,Choose Opponent,Choisir l'Adversaire,Gegner wählen,対戦相手を選択,상대 선택,Escolher Oponente,Elegir Oponente,Rakip Seç,Scegli Avversario
Popup.PvP.Defeat,الهزيمة,Defeated,Défaite,Niederlage,敗北,패배,Derrotado,Derrotado,Mağlubiyet,Sconfitto
Popup.PvP.Leaderboard.Title,لوحة المتصدرين,Leaderboard,Classement,Bestenliste,ランキング,랭킹,Ranking,Clasificación,Liderlik Tablosu,Classifica
Popup.PvP.NoOpponents,لم يتم العثور على خصوم.\nحاول لاحقاً.,No opponents found.\nTry again later.,Aucun adversaire trouvé.\nRéessaie plus tard.,Keine Gegner gefunden.\nSpäter erneut versuchen.,対戦相手が見つかりません。\n後でもう一度お試しください。,상대를 찾을 수 없습니다.\n잠시 후 다시 시도하세요.,Nenhum oponente encontrado.\nTente novamente mais tarde.,No se encontraron oponentes.\nInténtalo más tarde.,Rakip bulunamadı.\nLütfen sonra tekrar deneyin.,Nessun avversario trovato.\nRiprova più tardi.
Popup.PvP.Rewards.Title,مكافآت PvP,PvP Rewards,Récompenses PvP,PvP-Belohnungen,PvP報酬,PvP 보상,Recompensas PvP,Recompensas PvP,PvP Ödülleri,Ricompense PvP
Popup.PvP.SearchingOpponents,البحث عن خصوم,Searching for opponents,Recherche d'adversaires,Gegner suchen,対戦相手を検索中,상대 검색 중,Procurando oponentes,Buscando oponentes,Rakip aranıyor,Ricerca avversari
Popup.PvP.StartingBattle,بدء المعركة...,Starting battle...,Démarrage du combat...,Kampf startet...,バトル開始中...,전투 시작 중...,Iniciando combate...,Iniciando combate...,Maç başlıyor...,Avvio battaglia...
Popup.PvP.TicketAdded,تمت إضافة تذكرة PvP.,PvP ticket added.,Ticket PvP ajouté.,PvP-Ticket hinzugefügt.,PvPチケットを追加しました。,PvP 티켓이 추가되었습니다.,Ticket PvP adicionado.,Ticket PvP añadido.,PvP bileti eklendi.,Ticket PvP aggiunto.
Popup.PvP.TicketsResetIn,تجديد التذاكر خلال: {0},Tickets refreshed in: {0},Tickets renouvelés dans : {0},Tickets erneuern in: {0},チケット更新まで: {0},티켓 갱신까지: {0},Tickets renovados em: {0},Tickets renovados en: {0},Biletler yenileniyor: {0},Ticket rinnovati tra: {0}
Popup.PvP.Title,ساحة PvP,PvP Arena,Arène PvP,PvP-Arena,PvPアリーナ,PvP 아레나,Arena PvP,Arena PvP,PvP Arena,Arena PvP
Popup.PvP.Victory,النصر!,Victory!,Victoire !,Sieg!,勝利!,승리!,Vitória!,¡Victoria!,Zafer!,Vittoria!
Popup.RateUs.Description,هل استمتعت باللعبة؟,Do you enjoy the game?,Tu aimes le jeu ?,Gefällt dir das Spiel?,ゲームは楽しいですか?,게임이 마음에 드시나요?,Você curte o jogo?,¿Te gusta el juego?,Oyunu sevdin mi?,Ti piace il gioco?
Popup.RateUs.Title,قيّمنا,Rate Us,Note-nous,Bewerte uns,評価する,평가하기,Avalie-nos,Valóranos,Bizi Puanla,Valutaci
Popup.Report.Reason.Cheating,غش,Cheating,Triche,Cheaten,チート,치트,Trapaça,Trampas,Hile,Cheating
Popup.Report.Reason.Harassment,تحرش,Harassment,Harcèlement,Belästigung,ハラスメント,괴롭힘,Assédio,Acoso,Taciz,Molestie
Popup.Report.Reason.HateSpeech,خطاب كراهية,Hate Speech,Discours haineux,Hassrede,ヘイトスピーチ,혐오 발언,Discurso de ódio,Discurso de odio,Nefret Söylemi,Incitamento all'odio
Popup.Report.Reason.InappropriateLanguage,ألفاظ غير لائقة,Inappropriate Language,Langage inapproprié,Unangemessene Sprache,不適切な言葉,부적절한 언어,Linguagem inapropriada,Lenguaje inapropiado,Uygunsuz Dil,Linguaggio inappropriato
Popup.Report.Reason.Label,السبب,Reason,Raison,Grund,理由,사유,Motivo,Razón,Sebep,Motivo
Popup.Report.Reason.OffensiveName,اسم لاعب مسيء,Offensive Player Name,Nom de joueur offensant,Beleidigender Spielername,不適切なプレイヤー名,부적절한 플레이어 이름,Nome de jogador ofensivo,Nombre de jugador ofensivo,Uygunsuz Oyuncu Adı,Nome giocatore offensivo
Popup.Report.Reason.Other,أخرى,Other,Autre,Sonstiges,その他,기타,Outro,Otro,Diğer,Altro
Popup.Report.Reason.Spam,سبام,Spam,Spam,Spam,スパム,스팸,Spam,Spam,Spam,Spam
Popup.Report.Title,إبلاغ,Report,Signaler,Melden,通報,신고,Denunciar,Reportar,Şikayet Et,Segnala
Popup.RewardedChest.AdInfo,شاهد إعلاناً للحصول على مكافأة,Watch an ad to get reward,Regarde une pub pour obtenir la récompense,Werbung ansehen für Belohnung,広告を見て報酬を獲得,광고를 보고 보상 받기,Assista a um anúncio para a recompensa,Mira un anuncio para obtener recompensa,Ödülü almak için reklam izle,Guarda una pubblicità per la ricompensa
Popup.RewardedChest.GemTitle,عرض الجواهر,Gem Offer,Offre de Gemmes,Edelstein-Angebot,ジェムオファー,젬 오퍼,Oferta de Gemas,Oferta de Gemas,Mücevher Teklifi,Offerta Gemme
Popup.RewardedChest.LootboxTitle,عرض الصندوق,Loot Box Offer,Offre de Coffre,Lootbox-Angebot,ルートボックスオファー,루트박스 오퍼,Oferta de Caixa,Oferta de Caja,Sandık Teklifi,Offerta Loot Box
Popup.SignIn.Button,تسجيل الدخول,Sign In,Se connecter,Anmelden,サインイン,로그인,Entrar,Iniciar sesión,Giriş Yap,Accedi
Popup.SignIn.Error.EmailFirst,أدخل بريدك الإلكتروني أولاً,Enter your email first,Saisis d'abord ton e-mail,Zuerst E-Mail eingeben,先にメールアドレスを入力してください,이메일을 먼저 입력하세요,Insira seu e-mail primeiro,Introduce tu email primero,Önce e-posta adresini gir,Inserisci prima la tua email
Popup.SignIn.Error.Failed,فشل تسجيل الدخول,Sign in failed,Échec de la connexion,Anmeldung fehlgeschlagen,サインイン失敗,로그인 실패,Falha ao entrar,Error al iniciar sesión,Giriş başarısız,Accesso fallito
Popup.SignIn.Error.PasswordRequired,الرجاء إدخال كلمة المرور,Please enter your password,Saisis ton mot de passe,Bitte Passwort eingeben,パスワードを入力してください,비밀번호를 입력하세요,Por favor insira sua senha,Introduce tu contraseña,Lütfen parolanı gir,Inserisci la password
Popup.SignIn.Error.ResetFailed,فشل إرسال بريد إعادة التعيين,Failed to send reset email,Échec de l'envoi de l'e-mail,Reset-E-Mail konnte nicht gesendet werden,リセットメールの送信に失敗しました,재설정 이메일 전송 실패,Falha ao enviar e-mail de redefinição,Error al enviar email de restablecimiento,Sıfırlama e-postası gönderilemedi,Invio email di reset fallito
Popup.SignIn.ForgotPassword,هل نسيت كلمة المرور؟,Forgot password?,Mot de passe oublié ?,Passwort vergessen?,パスワードをお忘れですか?,비밀번호를 잊으셨나요?,Esqueceu a senha?,¿Olvidaste la contraseña?,Parolamı unuttum?,Password dimenticata?
Popup.SignIn.ResetSent,تم إرسال بريد إعادة التعيين,Reset email sent,E-mail de réinitialisation envoyé,Reset-E-Mail gesendet,リセットメールを送信しました,재설정 이메일이 전송되었습니다,E-mail de redefinição enviado,Email de restablecimiento enviado,Sıfırlama e-postası gönderildi,Email di reset inviata
Popup.SignIn.Success,تم تسجيل الدخول,Signed in,Connecté,Angemeldet,サインイン完了,로그인 완료,Conectado,Sesión iniciada,Giriş yapıldı,Accesso effettuato
Popup.SignIn.SwitchToSignUp,ليس لديك حساب؟ اشترك,Don't have an account? Sign up,Pas de compte ? S'inscrire,Noch kein Konto? Registrieren,アカウントをお持ちでないですか? 登録,계정이 없나요? 가입,Não tem conta? Cadastre-se,¿No tienes cuenta? Regístrate,Hesabın yok mu? Kaydol,Non hai un account? Registrati
Popup.SignIn.Title,تسجيل الدخول,Sign In,Se connecter,Anmelden,サインイン,로그인,Entrar,Iniciar Sesión,Giriş Yap,Accedi
Popup.SignUp.Button,اشترك,Sign Up,S'inscrire,Registrieren,登録,가입,Cadastrar,Registrarse,Kaydol,Registrati
Popup.SignUp.Error.Failed,فشل التسجيل,Sign up failed,Échec de l'inscription,Registrierung fehlgeschlagen,登録失敗,가입 실패,Falha no cadastro,Error en el registro,Kayıt başarısız,Registrazione fallita
Popup.SignUp.Error.PasswordTooShort,كلمة المرور يجب أن تكون 6 أحرف على الأقل,Password must be at least 6 characters,Le mot de passe doit faire au moins 6 caractères,Passwort muss mindestens 6 Zeichen lang sein,パスワードは6文字以上で入力してください,비밀번호는 6자 이상이어야 합니다,A senha deve ter no mínimo 6 caracteres,La contraseña debe tener al menos 6 caracteres,Parola en az 6 karakter olmalı,La password deve essere di almeno 6 caratteri
Popup.SignUp.Success,تم إنشاء الحساب,Account created,Compte créé,Konto erstellt,アカウント作成完了,계정이 생성되었습니다,Conta criada,Cuenta creada,Hesap oluşturuldu,Account creato
Popup.SignUp.SwitchToSignIn,لديك حساب؟ سجّل الدخول,Already have an account? Sign in,Déjà un compte ? Se connecter,Bereits ein Konto? Anmelden,すでにアカウントをお持ちですか? サインイン,이미 계정이 있나요? 로그인,Já tem uma conta? Entrar,¿Ya tienes cuenta? Inicia sesión,Hesabın var mı? Giriş yap,Hai già un account? Accedi
Popup.SignUp.Title,إنشاء حساب,Create Account,Créer un Compte,Konto erstellen,アカウント作成,계정 만들기,Criar Conta,Crear Cuenta,Hesap Oluştur,Crea Account
Popup.WingReroll.MustUnlockSubstat,يجب فتح إحصائية فرعية واحدة على الأقل,You must unlock at least 1 substat,Tu dois débloquer au moins 1 stat secondaire,Du musst mindestens 1 Sub-Stat freischalten,サブステを少なくとも1つ解放してください,서브스탯을 최소 1개 잠금 해제해야 합니다,Você precisa desbloquear ao menos 1 substat,Debes desbloquear al menos 1 substat,En az 1 substat kilidini açmalısın,Devi sbloccare almeno 1 sub-stat
UI.AutoForge.Label,أوتو,Auto,Auto,Auto,オート,오토,Auto,Auto,Oto,Auto
UI.BattlePass.FreePass,بطاقة مجانية,FREE PASS,PASS GRATUIT,GRATIS-PASS,無料パス,무료 패스,PASSE GRÁTIS,PASE GRATIS,ÜCRETSİZ BİLET,PASS GRATIS
UI.BattlePass.PremiumPass,بطاقة مميزة,PREMIUM PASS,PASS PREMIUM,PREMIUM-PASS,プレミアムパス,프리미엄 패스,PASSE PREMIUM,PASE PREMIUM,PREMIUM BILET,PASS PREMIUM
UI.BattlePass.Title,بطاقة المعركة,Battle Pass,Pass de Combat,Kampfpass,バトルパス,배틀패스,Passe de Batalha,Pase de Batalla,Savaş Bileti,Pass Battaglia
UI.Boost.Label,تسريع x{0}\n+{1},Boost x{0}\n+{1},Boost x{0}\n+{1},Impulso x{0}\n+{1},ブースト x{0}\n+{1},부스트 x{0}\n+{1},Boost x{0}\n+{1},Impulso x{0}\n+{1},Hız x{0}\n+{1},Boost x{0}\n+{1}
UI.Chat.ClanEmpty,لا توجد رسائل بعد. ألقِ التحية على عشيرتك!,No messages yet. Say hi to your clan!,Aucun message pour l'instant. Dis bonjour à ton clan !,Noch keine Nachrichten. Begrüße deinen Clan!,まだメッセージがありません。クランに挨拶しよう！,아직 메시지가 없습니다. 클랜에 인사해 보세요!,Ainda não há mensagens. Diga olá ao seu clã!,Aún no hay mensajes. ¡Saluda a tu clan!,Henüz mesaj yok. Klanına merhaba de!,Ancora nessun messaggio. Saluta il tuo clan!
UI.Chat.ClanTab,العشيرة,Clan,Clan,Clan,クラン,클랜,Clã,Clan,Klan,Clan
UI.Chat.CooldownPlaceholder,رسائل كثيرة جداً ({0}ث),Too many messages ({0}s),Trop de messages ({0}s),Zu viele Nachrichten ({0}s),メッセージ送信制限 ({0}秒),메시지 전송 제한 ({0}초),Muitas mensagens ({0}s),Demasiados mensajes ({0}s),Çok fazla mesaj ({0}sn),Troppi messaggi ({0}s)
UI.Chat.NoClanTitle,لا توجد عشيرة,No Clan,Aucun clan,Kein Clan,クランなし,클랜 없음,Sem clã,Sin clan,Klan Yok,Nessun clan
UI.Chat.NoClanWarning,انضم إلى عشيرة لاستخدام دردشة العشيرة.,Join a clan to use clan chat.,Rejoignez un clan pour utiliser le chat de clan.,"Tritt einem Clan bei, um den Clan-Chat zu nutzen.",クランチャットを使うにはクランに参加してください。,클랜 채팅을 사용하려면 클랜에 가입하세요.,Entre em um clã para usar o chat do clã.,Únete a un clan para usar el chat del clan.,Klan sohbetini kullanmak için bir klana katıl.,Unisciti a un clan per usare la chat del clan.
UI.Chat.Placeholder,اكتب رسالة...,Send a message...,Envoyer un message...,Nachricht senden...,メッセージを入力...,메시지 입력...,Escreva uma mensagem...,Escribe un mensaje...,Mesaj yaz...,Scrivi un messaggio...
UI.Chat.Title,الدردشة العامة,World Chat,Chat Mondial,Welt-Chat,ワールドチャット,월드 채팅,Chat Mundial,Chat Mundial,Genel Sohbet,Chat Mondiale
UI.Chat.WorldTab,العالم,World,Monde,Welt,ワールド,월드,Mundo,Mundo,Dünya,Mondo
UI.Chest.BundleOffer,عرض حزمة الصناديق,Chest Bundle Offer,Offre de lot de coffres,Truhenpaket-Angebot,チェストパックオファー,상자 묶음 특가,Oferta de pacote de baús,Oferta de paquete de cofres,Sandık Paketi Fırsatı,Offerta pacchetto forzieri
UI.Chest.BundleOfferTitle,حزمة صناديق {0},{0} Chest Bundle,Lot de coffres {0},{0}-Truhenpaket,{0}チェストパック,{0} 상자 묶음,Pacote de baús {0},Paquete de cofres {0},{0} Sandık Paketi,Pacchetto forzieri {0}
UI.Chest.Bundles,حزم الصناديق,Chest Bundles,Lots de coffres,Truhenpakete,チェストパック,상자 묶음,Pacotes de baús,Paquetes de cofres,Sandık Paketleri,Pacchetti di forzieri
UI.Chest.ChancePerItem,فرصة لكل عنصر,Chance per item,Chance par objet,Chance pro Gegenstand,アイテムごとの確率,아이템당 확률,Chance por item,Probabilidad por objeto,Öğe başına şans,Probabilità per oggetto
UI.Chest.Contains,يحتوي على {0},Contains {0},Contient {0},Enthält {0},{0}が出現,{0} 획득 가능,Contém {0},Contiene {0},İçinden {0} çıkar,Contiene {0}
UI.Chest.ContainsFull,يحتوي على {0} من العباءات والرفاق,Contains {0} cloak and companion,Contient {0} cape et compagnon,Enthält {0} Umhang und Begleiter,{0}のクロークとコンパニオンが出現,{0} 망토와 동료 포함,Contém {0} capa e companheiro,Contiene {0} capa y compañero,İçinden {0} pelerin ve yoldaş çıkar,Contiene {0} mantello e compagno
UI.Chest.OpenAll,افتح الكل,Open all,Tout ouvrir,Alle öffnen,すべて開く,모두 열기,Abrir tudo,Abrir todo,Tümünü aç,Apri tutto
UI.Chest.PityInfo,عند امتلاء العداد، تكون فتحتك التالية مضمونة بعنصر بأعلى ندرة.,"When the counter is full, your next open is guaranteed a top-rarity item.","Quand la jauge est pleine, votre prochaine ouverture garantit un objet de rareté supérieure.","Ist die Anzeige voll, garantiert dein nächstes Öffnen einen Gegenstand höchster Seltenheit.",カウンターが満タンになると、次回の開封で最高レア度のアイテムが確定します。,카운터가 가득 차면 다음 개봉에서 최고 등급 아이템이 확정됩니다.,"Quando o contador está cheio, sua próxima abertura garante um item de raridade máxima.","Cuando el contador está lleno, tu próxima apertura garantiza un objeto de rareza máxima.",Sayaç dolduğunda bir sonraki açılışın garanti üst nadirlikte item verir.,"Quando il contatore è pieno, la tua prossima apertura garantisce un oggetto di rarità massima."
UI.Chest.PityRemaining,احصل على {0} خلال {1} فتحة,Get {0} in {1} opens,Obtenez {0} en {1} ouvertures,{0} in {1} Öffnungen garantiert,あと{1}回で{0}確定,{1}회 열면 {0} 확정,Ganhe {0} em {1} aberturas,Consigue {0} en {1} aperturas,{1} açılışta {0} garanti,Ottieni {0} in {1} aperture
UI.Chest.SoftCurrency,عملة,Currency,Monnaie,Währung,通貨,재화,Moeda,Moneda,Para Birimi,Valuta
UI.Chest.TapToOpen,اضغط للفتح,Tap to open,Appuyez pour ouvrir,Zum Öffnen tippen,タップして開く,탭하여 열기,Toque para abrir,Toca para abrir,Açmak için dokun,Tocca per aprire
UI.Chest.Title,صندوق,Chest,Coffre,Truhe,チェスト,상자,Baú,Cofre,Sandık,Forziere
UI.Chest.UnlocksCloak,يفتح ميزة العباءة!,Unlocks the Cloak feature!,Débloque la fonctionnalité Cape !,Schaltet das Umhang-Feature frei!,クロークが解放される！,망토 기능이 해제됩니다!,Desbloqueia o recurso de capa!,¡Desbloquea la función de capa!,Pelerin özelliğini açar!,Sblocca la funzione Mantello!
UI.Clan.ClanRequestCard.Deny,,Deny,,,,,,,,
UI.Clan.ClanSearchCard.Accept,,Accept,,,,,,,,
UI.Clan.ClanSearchCard.Join,,Join,,,,,,,,
UI.Clan.ClanSearchCard.Members,,Members,,,,,,,,
UI.Clan.ClanSearchCard.Request,,Request,,,,,,,,
UI.Clan.ClanSearchCard.Requested,,Requested,,,,,,,,
UI.Companion.AutoOff,أوتو\nإيقاف,AUTO\nOFF,AUTO\nOFF,AUTO\nAUS,オート\nOFF,오토\nOFF,AUTO\nOFF,AUTO\nOFF,OTO\nKAPALI,AUTO\nOFF
UI.Companion.AutoOn,أوتو\nتشغيل,AUTO\nON,AUTO\nON,AUTO\nAN,オート\nON,오토\nON,AUTO\nON,AUTO\nON,OTO\nAÇIK,AUTO\nON
UI.Companion.QuickEquip,تجهيز سريع,Quick Equip,Équiper Rapide,Schnell ausrüsten,クイック装備,빠른 장착,Equipar Rápido,Equipar Rápido,Hızlı Kuşan,Equipaggia Rapido
UI.Companion.SummonX,استدعاء x{0},Summon x{0},Invoquer x{0},Beschwören x{0},召喚 x{0},소환 x{0},Invocar x{0},Invocar x{0},Çağır x{0},Evoca x{0}
UI.Companion.Title,الرفاق,Companions,Compagnons,Begleiter,仲間,동료,Companheiros,Compañeros,Yoldaşlar,Compagni
UI.Companion.UpgradeAll,ترقية الكل,Upgrade All,Tout Améliorer,Alle verbessern,全て強化,전체 강화,Melhorar Tudo,Mejorar Todo,Hepsini Yükselt,Potenzia Tutto
UI.Damage.Block,صد!,Block!,Bloqué !,Geblockt!,ブロック!,방어!,Bloqueado!,¡Bloqueado!,Blok!,Bloccato!
UI.Dungeon.AdLoading,جاري التحميل...,Loading...,Chargement...,Lädt...,読み込み中...,로딩 중...,Carregando...,Cargando...,Yükleniyor...,Caricamento...
UI.Dungeon.AdWatch,مشاهدة,Watch,Regarder,Ansehen,視聴,시청,Assistir,Ver,İzle,Guarda
UI.Dungeon.Description,يتم استهلاك المفاتيح فقط عند إكمال الزنزانة.,Keys are only consumed when you complete the dungeon.,Les clés ne sont consommées que lorsque tu termines le donjon.,"Schlüssel werden nur verbraucht, wenn du das Verlies abschließt.",鍵はダンジョンをクリアした時のみ消費されます。,열쇠는 던전을 완료할 때만 소모됩니다.,As chaves só são consumidas ao completar a masmorra.,Las llaves solo se consumen al completar la mazmorra.,Anahtarlar yalnızca zindanı tamamladığında tüketilir.,Le chiavi vengono consumate solo al completamento del dungeon.
UI.Dungeon.EnterButton,دخول,Enter,Entrer,Betreten,入場,입장,Entrar,Entrar,Gir,Entra
UI.Dungeon.ExitButton,خروج,Exit,Quitter,Verlassen,退出,나가기,Sair,Salir,Ayrıl,Esci
UI.Dungeon.InProgress,زنزانة قيد التقدم,Dungeon in progress,Donjon en cours,Verlies läuft,ダンジョン進行中,던전 진행 중,Masmorra em andamento,Mazmorra en curso,Zindan devam ediyor,Dungeon in corso
UI.Dungeon.LeaveInfo,الخروج لا يستهلك المفاتيح,Exit does not consume keys,Quitter ne consomme pas de clés,Verlassen verbraucht keine Schlüssel,退出しても鍵は消費されません,나가기는 열쇠를 소모하지 않습니다,Sair não consome chaves,Salir no consume llaves,Ayrılmak anahtar tüketmez.,Uscire non consuma chiavi
UI.Dungeon.ReplenishingIn,التجديد خلال: {0},Replenishing in: {0},Recharge dans : {0},Aufladung in: {0},回復まで: {0},재충전까지: {0},Recarrega em: {0},Recarga en: {0},Yenilenmeye: {0},Ricarica tra: {0}
UI.Dungeon.SweepButton,إعادة\nتنظيف,Sweep Last,Rejouer\nDernier,Letztes\nwiederholen,前回\n再戦,이전\n재도전,Repetir\nÚltima,Repetir\nÚltima,Tekrar\nTemizle,Ripeti\nUltimo
UI.Dungeon.Title,الزنزانات,Dungeons,Donjons,Verliese,ダンジョン,던전,Masmorras,Mazmorras,Zindanlar,Dungeon
UI.Enchantment.SummonX,استدعاء x{0},Summon x{0},Invoquer x{0},Beschwören x{0},召喚 x{0},소환 x{0},Invocar x{0},Invocar x{0},Çağır x{0},Evoca x{0}
UI.EventBlocker.BattleInProgress,معركة قيد التقدم,Battle in Progress,Combat en cours,Kampf läuft,バトル進行中,전투 진행 중,Batalha em andamento,Batalla en curso,Savaş Devam Ediyor,Battaglia in corso
UI.EventBlocker.ExitButton,خروج,Exit,Quitter,Verlassen,退出,나가기,Sair,Salir,Çıkış,Esci
UI.Events.BossRush,اندفاع الزعماء,Boss Rush,Assaut des Boss,Boss-Ansturm,ボスラッシュ,보스 러쉬,Caçada aos Chefes,Asalto de Jefes,Boss Akını,Assalto Boss
UI.Events.Coop,Co-Op,Co-Op,Co-Op,Co-Op,Co-Op,Co-Op,Co-Op,Co-Op,Co-Op,Co-Op
UI.Events.PvP,PvP,PvP,PvP,PvP,PvP,PvP,PvP,PvP,PvP,PvP
UI.Events.ReplenishIn,التجديد خلال: {0},Replenishing in: {0},Recharge dans : {0},Aufladung in: {0},回復まで: {0},재충전까지: {0},Recarrega em: {0},Recarga en: {0},Yenilenmeye: {0},Ricarica tra: {0}
UI.Events.Title,الفعاliات,Events,Événements,Events,イベント,이벤트,Eventos,Eventos,Etkinlikler,Eventi
UI.Forge.Loot,جمع,Loot,Récolter,Einsammeln,回収,획득,Coletar,Recoger,Topla,Raccogli
UI.Gameplay.BossRushTitle,الزعيم #{0}: {1},Boss #{0}: {1},Boss #{0} : {1},Boss #{0}: {1},ボス #{0}: {1},보스 #{0}: {1},Chefe #{0}: {1},Jefe #{0}: {1},Boss #{0}: {1},Boss #{0}: {1}
UI.Gameplay.DungeonDifficulty,الصعوبة {0}-{1},Difficulty {0}-{1},Difficulté {0}-{1},Schwierigkeit {0}-{1},難易度 {0}-{1},난이도 {0}-{1},Dificuldade {0}-{1},Dificultad {0}-{1},Zorluk {0}-{1},Difficoltà {0}-{1}
UI.LevelTransition.Defeat,خسرت المعركة!,You lost the battle!,Tu as perdu le combat !,Du hast den Kampf verloren!,バトルに敗北しました!,전투에서 패배했습니다!,Você perdeu a batalha!,¡Has perdido la batalla!,Savaşı kaybettin!,Hai perso la battaglia!
UI.LevelTransition.ReturningTo,العودة إلى {0},Returning to {0},Retour à {0},Rückkehr zu {0},{0}に戻る,{0}(으)로 돌아가는 중,Voltando para {0},Volviendo a {0},Geri dönülüyor: {0},Ritorno a {0}
UI.Mining.MaxPickaxeIncrease,زيادة الحد الأقصى لتخزين الفأس +{0},Increase Maximum Pickaxe Storage +{0},Stockage maximum de pioches +{0},Maximaler Spitzhacken-Speicher +{0},ツルハシ最大所持数 +{0},최대 곡괭이 보관량 +{0},Armazenamento máximo de picaretas +{0},Almacenamiento máximo de picos +{0},Maksimum Kazma Kapasitesi +{0},Stoccaggio massimo di picconi +{0}
UI.Mining.OfferTitle,عرض التعدين,Mining Offer,Offre minière,Bergbau-Angebot,採掘オファー,채굴 오퍼,Oferta de Mineração,Oferta de Minería,Madencilik Teklifi,Offerta Mineraria
UI.Mining.OfferTitleLarge,عرض التعدين الكبير,Large Mining Offer,Grande offre minière,Großes Bergbau-Angebot,大型採掘オファー,대형 채굴 오퍼,Grande Oferta de Mineração,Gran Oferta de Minería,Büyük Madencilik Teklifi,Grande Offerta Mineraria
UI.Redeem.Button,استخدام,Redeem,Utiliser,Einlösen,引き換える,입력,Resgatar,Canjear,Kullan,Riscatta
UI.Redeem.Placeholder,أدخل الرمز,Enter code,Saisir le code,Code eingeben,コードを入力,코드 입력,Digite o código,Introduce el código,Kodu gir,Inserisci il codice
UI.Redeem.Success,تم استخدام الرمز!,Code redeemed!,Code utilisé !,Code eingelöst!,コードを引き換えました！,코드를 사용했습니다!,Código resgatado!,¡Código canjeado!,Kod kullanıldı!,Codice riscattato!
UI.Redeem.Title,استخدام الرمز,Redeem Code,Utiliser un code,Code einlösen,コードを引き換える,코드 입력,Resgatar código,Canjear código,Kod Kullan,Riscatta codice
UI.Store.Boosters.1.5EXP.InfoTitle,معزز خبرة x1.5,x1.5 Exp Boost,Boost Exp x1.5,EP-Boost x1.5,EXPブースト x1.5,EXP 부스트 x1.5,Boost EXP x1.5,Boost EXP x1.5,1.5x Exp Kazan,Boost EXP x1.5
UI.Store.Boosters.2EXP.InfoTitle,معزز خبرة x2,x2 Exp Boost,Boost Exp x2,EP-Boost x2,EXPブースト x2,EXP 부스트 x2,Boost EXP x2,Boost EXP x2,2x Exp Kazan,Boost EXP x2
UI.Store.Boosters.Description,المعززات تتراكم بالضرب,Boosters stack multiplicatively,Les boosters se cumulent multiplicativement,Booster stapeln multiplikativ,ブースターは乗算で重複します,부스터는 곱연산으로 중첩됩니다,Os boosters se acumulam de forma multiplicativa,Los boosters se acumulan multiplicativamente,Güçlendiriciler katlanarak birikir.,I booster si accumulano in modo moltiplicativo
UI.Store.Boosters.Label,المعززات,Boosters ,Boosters,Booster,ブースター,부스터,Boosters,Boosters,Hızlandırıcılar,Booster
UI.Store.Buy2xExp.Label,مضاعف الخبرة x2 للأبد,Boost Exp x2 Forever,Boost Exp x2 à Vie,EP x2 für immer,EXP x2 永久ブースト,EXP x2 영구 부스트,Boost EXP x2 Para Sempre,Boost EXP x2 Para Siempre,Sonsuza Kadar 2x Exp,Boost EXP x2 Per Sempre
UI.Store.DailyDeal.Description,اشترِ كل العروض اليومية لتحصل على ثلاثة جديدة!,Buy all three daily deals to get three new ones!,Achète les trois offres quotidiennes pour en obtenir trois nouvelles !,Kaufe alle drei Tagesangebote für drei neue!,3つのデイリーセールを全て購入で新しい3つが解放!,일일 거래 3개를 모두 구매하면 새로운 3개 해금!,Compre as três ofertas diárias e ganhe três novas!,¡Compra las tres ofertas diarias y obtén tres nuevas!,"Günlük fırsatların hepsini satın al, üç yeni fırsat kazan!",Compra tutte e tre le offerte giornaliere per averne tre nuove!
UI.Store.DailyDeal.Label,العروض اليومية,Daily Deals,Offres Quotidiennes,Tagesangebote,デイリーセール,일일 거래,Ofertas Diárias,Ofertas Diarias,Günlük Fırsatlar,Offerte Giornaliere
UI.Store.DailyDeal.Title,عرض {0},{0} Deal,Offre {0},{0}-Angebot,{0}セール,{0} 거래,Oferta de {0},Oferta {0},{0} Teklifi,Offerta {0}
UI.Store.Gems.Label,الجواهر,Gems,Gemmes,Edelsteine,ジェム,젬,Gemas,Gemas,Elmaslar,Gemme
UI.Store.Resources.Drill.InfoTitle,مثقاب,Drill,Foreuse,Bohrer,ドリル,드릴,Furadeira,Taladro,Matkap,Trapano
UI.Store.Resources.GoldPickaxe.InfoTitle,معول ذهبي,Gold Pickaxe,Pioche en Or,Goldspitzhacke,ゴールドピッケル,황금 곡괭이,Picareta de Ouro,Pico de Oro,Altın Kazma,Piccone d'Oro
UI.Store.Resources.Label,الموارد,Resources,Ressources,Ressourcen,リソース,자원,Recursos,Recursos,Kaynaklar,Risorse
UI.TabBar.Battle,معركة,Battle,Combat,Kampf,バトル,전투,Batalha,Batalla,Savaş,Battaglia
UI.TabBar.Clan,العشيرة,Clan,Clan,Clan,クラン,클랜,Clã,Clan,Klan,Clan
UI.TabBar.Companion,رفاق,Companions,Compagnons,Begleiter,仲間,동료,Companheiros,Compañeros,Yoldaşlar,Compagni
UI.TabBar.Dungeon,زنزانة,Dungeon,Donjon,Verlies,ダンジョン,던전,Masmorra,Mazmorra,Zindan,Dungeon
UI.TabBar.Events,فعاليات,Events,Événements,Events,イベント,이벤트,Eventos,Eventos,Etkinlikler,Eventi
UI.TabBar.Store,متجر,Store,Boutique,Shop,ショップ,상점,Loja,Tienda,Mağaza,Negozio
UI.Transition.BossRush,اندفاع الزعماء,Boss Rush,Assaut des Boss,Boss-Ansturm,ボスラッシュ,보스 러쉬,Caçada aos Chefes,Asalto de Jefes,Boss Akını,Assalto Boss
UI.Wings.Craft,صناعة,Craft,Forger,Schmieden,クラフト,제작,Forjar,Forjar,Üret,Forgia
UI.Wings.CraftHeader,صناعة الأجنحة,Wing Crafting,Forge des Ailes,Schwingen-Schmiede,ウィングクラフト,윙 제작,Forja de Asas,Forja de Alas,Kanat Üretimi,Forgia delle Ali
UI.Wings.Header,الأجنحة,Wings,Ailes,Schwingen,ウィング,윙,Asas,Alas,Kanatlar,Ali
UI.Wings.LevelUp,ترقية,Upgrade,Améliorer,Verbessern,強化,강화,Melhorar,Mejorar,Yükselt,Potenzia
UI.Wings.MiningButton,تعدين,Mining,Mine,Mine,採掘,채굴,Mineração,Mina,Maden,Miniera
UI.Wings.Reroll,إعادة رمي,Reroll,Relancer,Neu würfeln,リロール,리롤,Rerrolar,Relanzar,Yeniden At,Rilancia
UI.Wings.RerollHeader,تجديد الإحصائيات,Reroll Substats,Relance des Stats,Substat-Neuwurf,サブステリロール,서브스탯 리롤,Rerroll de Substats,Relance de Substats,Substat Yenileyici,Rilancio Sub-stat
UI.Wings.RerollLock,قفل,Lock,Verrouiller,Sperren,ロック,잠금,Travar,Bloquear,Kilitle,Blocca
